codigo;fecha_de_parte;fecha_de_cosecha;camara;fila;destino;up;color;cantidad;finca;productor;volcado;visual
1-1V;17-mar;16-mar;A;10;NO UE;0290-003;V;30;CLAUDIA;A MARES;1;A
1-2V;17-mar;16-mar;A;2;NO UE;0290-003;VO;40;CLAUDIA;A MARES;1;A
1-3P;17-mar;16-mar;9;1;NO UE;0290-003;P;29;CLAUDIA;A MARES;1;A
1-4V;17-mar;16-mar;3;2;NO UE;0290-003;P;34;CLAUDIA;A MARES;1;A
1-5V;17-mar;16-mar;PFG;1;NO UE;0290-003;P;29;CLAUDIA;A MARES;1;A
1-6VO;17-mar;16-mar;3;3;NO UE;0290-003;P;32;CLAUDIA;A MARES;1;A
1-7V;17-mar;16-mar;PFG;4;NO UE;0290-003;P;20;CLAUDIA;A MARES;1;A
1-8VO;17-mar;16-mar;A;7;NO UE;0290-003;VO;15;CLAUDIA;A MARES;1;A
1-9P;17-mar;16-mar;A;8;NO UE;0290-003;P;10;CLAUDIA;A MARES;1;A
2-1P;17-mar;16-mar;A;11;NO UE;0136-001;P;9;ANTAMAPU;FRUIT CROP;1;A
2-2V;17-mar;16-mar;A;11;NO UE;0136-001;P;22;ANTAMAPU;FRUIT CROP;1;A
2-3V;17-mar;16-mar;A;11;NO UE;0136-001;P;9;ANTAMAPU;FRUIT CROP;1;A
2-4VO;17-mar;16-mar;A;6;NO UE;0136-001;VO;12;ANTAMAPU;VISION EMPRESARIAL DEL NOROESTE S.R.L;1;A
2-5V;17-mar;16-mar;C;3;NO UE;0136-001;V;11;ANTAMAPU;FRUIT CROP;1;A
3-1P;18-mar;17-mar;A;9;NO UE;0290-003;P;17;CLAUDIA;A MARES;1;A
3-2V;18-mar;17-mar;PFG;6;NO UE;0290-003;P;5;CLAUDIA;A MARES;1;A
3-3V;18-mar;17-mar;A;3;NO UE;0290-003;V;30;CLAUDIA;A MARES;1;A
3-4V;18-mar;17-mar;C;1;NO UE;0290-003;P;33;CLAUDIA;A MARES;1;A
3-5V;18-mar;17-mar;A;7;NO UE;0290-003;A;30;CLAUDIA;A MARES;1;A
3-6VC;18-mar;17-mar;A;4;NO UE;0290-003;VC;30;CLAUDIA;A MARES;1;A
3-7V;18-mar;17-mar;A;5;NO UE;0290-003;V;30;CLAUDIA;A MARES;1;A
3-8VO;18-mar;17-mar;B;11;NO UE;0290-003;P;31;CLAUDIA;A MARES;1;A
3-9P;18-mar;17-mar;A;6;NO UE;0290-003;P;4;CLAUDIA;A MARES;1;A
3-10V;18-mar;17-mar;A;6;NO UE;0290-003;VC;25;CLAUDIA;A MARES;1;A
3-11V;18-mar;17-mar;A;5;NO UE;0290-003;V;7;CLAUDIA;A MARES;1;A
3-12V;18-mar;17-mar;A;4;NO UE;0290-003;VC;12;CLAUDIA;A MARES;1;A
3-13VO;18-mar;17-mar;5;7;NO UE;0290-003;P;13;CLAUDIA;A MARES;1;A
4-1P;18-mar;17-mar;A;1;NO UE;0419-006;P;3;EL MOLINO ;GREYCO;1;A
4-2VC;18-mar;17-mar;A;1;NO UE;0419-006;VC;15;EL MOLINO ;GREYCO;1;A
4-3V;18-mar;17-mar;C;2;NO UE;0419-006;P;21;EL MOLINO ;GREYCO;1;A
4-4VO;18-mar;17-mar;C;5;NO UE;0419-006;P;18;EL MOLINO ;GREYCO;1;A
4-5VC;18-mar;17-mar;A;1;NO UE;0419-006;P;15;EL MOLINO ;GREYCO;1;A
4-6V;18-mar;17-mar;B;12;NO UE;0419-006;P;10;EL MOLINO ;GREYCO;1;A
4-7VO;18-mar;17-mar;A;1;NO UE;0419-006;VO;15;EL MOLINO ;GREYCO;1;A
5-1P;18-mar;17-mar;A;8;NO UE;0136-001;P;8;ANTAMAPU;FRUIT CROP;1;A
5-2VC;18-mar;17-mar;C;4;NO UE;0136-001;P;24;ANTAMAPU;FRUIT CROP;1;A
5-3V;18-mar;17-mar;C;3;NO UE;0136-001;P;9;ANTAMAPU;FRUIT CROP;1;A
5-4VO;18-mar;17-mar;C;4;NO UE;0136-001;VO;2;ANTAMAPU;FRUIT CROP;1;A
6-2VC;20-mar;20-mar;PFG;3;NO UE;0290-003;VC;30;CLAUDIA;A MARES;1;A
6-3V;20-mar;20-mar;PFG;2;NO UE;0290-003;V;28;CLAUDIA;A MARES;1;A
6-4VO;20-mar;20-mar;A;2;NO UE;0290-003;VO;29;CLAUDIA;A MARES;1;A
6-5V;20-mar;20-mar;2;5;NO UE;0290-003;V;30;CLAUDIA;A MARES;1;A
6-6VC;20-mar;20-mar;A;3;NO UE;0290-003;VC;30;CLAUDIA;A MARES;1;A
6-7VO;20-mar;20-mar;2;2;NO UE;0290-003;VO;30;CLAUDIA;A MARES;1;A
6-8V;20-mar;20-mar;A;4;NO UE;0290-003;V;27;CLAUDIA;A MARES;1;A
6-9VC;20-mar;20-mar;A;3;NO UE;0290-003;VC;30;CLAUDIA;A MARES;1;A
6-10V;20-mar;20-mar;1;4;NO UE;0290-003;V;30;CLAUDIA;A MARES;1;A
6-11VO;20-mar;20-mar;A;12;NO UE;0290-003;VO;18;CLAUDIA;A MARES;1;A
6-12VC;20-mar;20-mar;A;2;NO UE;0290-003;VC;12;CLAUDIA;A MARES;1;A
6-13V;20-mar;20-mar;A;4;NO UE;0290-003;V;9;CLAUDIA;A MARES;1;A
7-1VC;21-mar;20-mar;A;2;NO UE;0290-003;VC;17;CLAUDIA;A MARES;1;A
7-2V;21-mar;20-mar;A;2;NO UE;0290-003;V;15;CLAUDIA;A MARES;1;A
7-3VO;21-mar;20-mar;1;5;NO UE;0290-003;VO;16;CLAUDIA;A MARES;1;A
8-1VC;21-mar;20-mar;A;5;NO UE;0136-001;VC;27;ANTAMAPU;VISION EMPRESARIAL DEL NOROESTE S.R.L;1;A
8-2V;21-mar;20-mar;T1;3;NO UE;0136-001;V;30;ANTAMAPU;VISION EMPRESARIAL DEL NOROESTE S.R.L;1;A
8-3VO;21-mar;20-mar;A;6;NO UE;0136-001;VO;7;ANTAMAPU;VISION EMPRESARIAL DEL NOROESTE S.R.L;1;A
8-4P;21-mar;20-mar;C;3;NO UE;0136-001;P;8;ANTAMAPU;FRUIT CROP;1;A
8-5VC;21-mar;20-mar;A;6;NO UE;0136-001;VC;26;ANTAMAPU;VISION EMPRESARIAL DEL NOROESTE S.R.L;1;A
9-2VC;21-mar;20-mar;A;1;NO UE;0419-006;VC;17;EL MOLINO ;GREYCO;1;A
9-3V;21-mar;20-mar;A;1;NO UE;0419-006;V;30;EL MOLINO ;GREYCO;1;A
9-4VO;21-mar;20-mar;A;1;NO UE;0419-006;VO;21;EL MOLINO ;GREYCO;1;A
9-5VO;21-mar;20-mar;10;3;NO UE;0419-006;VO;19;EL MOLINO ;GREYCO;1;A
9-6V;21-mar;20-mar;10;2;NO UE;0419-006;V;2;EL MOLINO ;GREYCO;1;A
10-1VC;22-mar;21-mar;A;8;NO UE;0290-003;VC;12;CLAUDIA;A MARES;1;A
10-2V;22-mar;21-mar;10;2;NO UE;0290-003;V;28;CLAUDIA;A MARES;1;A
10-3VO;22-mar;21-mar;10;3;NO UE;0290-003;VO;10;CLAUDIA;A MARES;1;A
10-4V;22-mar;21-mar;A;8;NO UE;0290-003;VC;9;CLAUDIA;A MARES;1;A
11-1VC;22-mar;21-mar;A;12;NO UE;0268-001;VC;10;LA LUZ;GREYCO;1;A
11-2V;22-mar;21-mar;A;2;NO UE;0268-001;V;31;LA LUZ;GREYCO;1;A
11-3VO;22-mar;21-mar;9;1;NO UE;0268-001;VO;30;LA LUZ;GREYCO;1;A
11-4VO;22-mar;21-mar;9;3;NO UE;0268-001;VO;7;LA LUZ;GREYCO;1;A
12-1VC;22-mar;21-mar;A;4;NO UE;0290-003;VC;18;CLAUDIA;A MARES;1;A
12-2V;22-mar;21-mar;A;8;NO UE;0290-003;V;21;CLAUDIA;A MARES;1;A
12-3VO;22-mar;21-mar;A;4;NO UE;0290-003;VO;12;CLAUDIA;A MARES;1;A
13-1VC;24-mar;24-mar;A;1;NO UE;0290-003;VC;30;CLAUDIA;A MARES;1;A
13-2V;24-mar;24-mar;5;9;NO UE;0290-003;V;29;CLAUDIA;A MARES;1;A
13-3VO;24-mar;24-mar;5;10;NO UE;0290-003;VO;33;CLAUDIA;A MARES;1;A
13-4V;24-mar;24-mar;PFG;4;NO UE;0290-003;V;16;CLAUDIA;A MARES;1;A
13-5VO;24-mar;24-mar;3;1;NO UE;0290-003;VO;41;CLAUDIA;A MARES;1;A
13-6V;24-mar;24-mar;3;2;NO UE;0290-003;V;36;CLAUDIA;A MARES;1;A
13-7VO;24-mar;24-mar;5;8;NO UE;0290-003;VO;30;CLAUDIA;A MARES;1;A
13-8VC;24-mar;24-mar;PFG;PASILLO;NO UE;0290-003;VC;11;CLAUDIA;A MARES;1;A
13-9V;24-mar;24-mar;3;3;NO UE;0290-003;V;27;CLAUDIA;A MARES;1;A
13-10VO;24-mar;24-mar;5;7;NO UE;0290-003;VO;20;CLAUDIA;A MARES;1;A
14-1VC;25-mar;24-mar;5;5;NO UE;0290-003;VC;18;CLAUDIA;A MARES;1;A
14-2V;25-mar;24-mar;5;4;NO UE;0290-003;V;30;CLAUDIA;A MARES;1;A
14-3VO;25-mar;24-mar;A;4;NO UE;0290-003;VO;27;CLAUDIA;A MARES;1;A
14-4VO;25-mar;24-mar;T2;3;NO UE;0290-003;VO;27;CLAUDIA;A MARES;1;A
14-5V;25-mar;24-mar;C;3;NO UE;0290-003;V;26;CLAUDIA;A MARES;1;A
14-6VO;25-mar;24-mar;A;4;NO UE;0290-003;VO;11;CLAUDIA;A MARES;1;A
15-1P;25-mar;24-mar;A;8;NO UE;0136-001;P;26;ANTAMAPU;VISION EMPRESARIAL DEL NOROESTE S.R.L;1;A
15-2VC;25-mar;24-mar;A;6;NO UE;0136-001;VC;11;ANTAMAPU;VISION EMPRESARIAL DEL NOROESTE S.R.L;1;A
15-3V;25-mar;24-mar;A;3;NO UE;0136-001;V;29;ANTAMAPU;VISION EMPRESARIAL DEL NOROESTE S.R.L;1;A
15-4VO;25-mar;24-mar;A;3;NO UE;0136-001;VO;15;ANTAMAPU;VISION EMPRESARIAL DEL NOROESTE S.R.L;1;A
15-5VC;25-mar;24-mar;A;6;NO UE;0136-001;VC;29;ANTAMAPU;VISION EMPRESARIAL DEL NOROESTE S.R.L;1;A
15-6VC;25-mar;24-mar;9;4;NO UE;0136-001;VC;30;ANTAMAPU;VISION EMPRESARIAL DEL NOROESTE S.R.L;1;A
15-7VC;25-mar;24-mar;IQF;1;NO UE;0136-001;VC;36;ANTAMAPU;VISION EMPRESARIAL DEL NOROESTE S.R.L;1;A
15-8V;25-mar;24-mar;A;8;NO UE;0136-001;V;5;ANTAMAPU;VISION EMPRESARIAL DEL NOROESTE S.R.L;1;A
15-9VO;25-mar;24-mar;IQF;3;NO UE;0136-001;VO;3;ANTAMAPU;VISION EMPRESARIAL DEL NOROESTE S.R.L;1;A
16-1VC;25-mar;24-mar;IQF;1;NO UE;0290-003;VC;9;CLAUDIA;A MARES;1;A
16-2V;25-mar;24-mar;A;4;NO UE;0290-003;V;22;CLAUDIA;A MARES;1;A
16-3VO;25-mar;24-mar;IQF;3;NO UE;0290-003;VO;32;CLAUDIA;A MARES;1;A
17-1VC;25-mar;25-mar;IQF;5;NO UE;0290-003;VC;38;CLAUDIA;A MARES;1;A
17-2V;25-mar;25-mar;A;5;NO UE;0290-003;V;38;CLAUDIA;A MARES;1;A
17-3VO;25-mar;25-mar;A;9;NO UE;0290-003;VO;36;CLAUDIA;A MARES;1;A
17-4V;25-mar;25-mar;A;1;NO UE;0290-003;V;27;CLAUDIA;A MARES;1;A
17-5VO;25-mar;25-mar;IQF;11;NO UE;0290-003;VO;14;CLAUDIA;A MARES;1;A
17-6V;25-mar;25-mar;IQF;7;NO UE;0290-003;V;2;CLAUDIA;A MARES;1;A
18-1VC;26-mar;25-mar;A;10;NO UE;0136-001;VC;36;ANTAMAPU;VISION EMPRESARIAL DEL NOROESTE S.R.L;1;A
18-2V;26-mar;25-mar;IQF;6;NO UE;0136-001;V;11;ANTAMAPU;VISION EMPRESARIAL DEL NOROESTE S.R.L;1;A
18-3VO;26-mar;25-mar;IQF;11;NO UE;0136-001;VO;15;ANTAMAPU;VISION EMPRESARIAL DEL NOROESTE S.R.L;1;A
18-4V;26-mar;25-mar;IQF;8;NO UE;0136-001;V;28;ANTAMAPU;VISION EMPRESARIAL DEL NOROESTE S.R.L;1;A
18-5VC;26-mar;25-mar;A;10;NO UE;0136-001;VC;17;ANTAMAPU;VISION EMPRESARIAL DEL NOROESTE S.R.L;1;A
19-1VC;26-mar;25-mar;IQF;9;NO UE;0136-001;VC;18;ANTAMAPU;VISION EMPRESARIAL DEL NOROESTE S.R.L;1;A
19-2V;26-mar;25-mar;IQF;10;NO UE;0136-001;V;11;ANTAMAPU;VISION EMPRESARIAL DEL NOROESTE S.R.L;1;A
19-3VO;26-mar;25-mar;9;3;NO UE;0136-001;VO;4;ANTAMAPU;VISION EMPRESARIAL DEL NOROESTE S.R.L;1;A
20-1VC;26-mar;25-mar;A;7;NO UE;0793-003;VC;3;YAQUILO;FRUIT CROP;1;A
20-2V;26-mar;25-mar;IQF;10;NO UE;0793-003;V;27;YAQUILO;FRUIT CROP;1;A
20-3VO;26-mar;25-mar;9;3;NO UE;0793-003;VO;21;YAQUILO;FRUIT CROP;1;A
20-5VO;26-mar;25-mar;5;2;NO UE;0793-001;VO;30;YAQUILO;FRUIT CROP;1;A
20-6VC;26-mar;25-mar;A;7;NO UE;0793-003;VC;15;YAQUILO;FRUIT CROP;1;A
20-7V;26-mar;25-mar;C;2;NO UE;0793-003;V;29;YAQUILO;FRUIT CROP;1;A
20-8VO;26-mar;25-mar;IQFC;1;NO UE;0793-001;VO;20;YAQUILO;FRUIT CROP;1;A
20-9VO;26-mar;25-mar;IQFC;2;NO UE;0793-001;VO;12;YAQUILO;FRUIT CROP;1;A
20-10VO;26-mar;25-mar;9;5;NO UE;0793-003;VO;18;YAQUILO;FRUIT CROP;1;A
21-1VC;27-mar;26-mar;IQFC;7;NO UE;0136-001;VC;24;ANTAMAPU;VISION EMPRESARIAL DEL NOROESTE S.R.L;1;A
21-2V;27-mar;26-mar;IQFC;3;NO UE;0136-001;V;21;ANTAMAPU;VISION EMPRESARIAL DEL NOROESTE S.R.L;1;A
21-3VO;27-mar;26-mar;IQFG;2;NO UE;0136-001;VO;9;ANTAMAPU;VISION EMPRESARIAL DEL NOROESTE S.R.L;1;A
21-4VC;27-mar;26-mar;IQFC;6;NO UE;0136-001;VC;23;ANTAMAPU;VISION EMPRESARIAL DEL NOROESTE S.R.L;1;A
21-5V;27-mar;26-mar;IQFC;4;NO UE;0136-001;V;21;ANTAMAPU;VISION EMPRESARIAL DEL NOROESTE S.R.L;1;A
21-6VC;27-mar;26-mar;IQFC;5;NO UE;0136-001;VC;21;ANTAMAPU;VISION EMPRESARIAL DEL NOROESTE S.R.L;1;A
21-7VO;27-mar;26-mar;1;4;NO UE;0136-001;VO;9;ANTAMAPU;VISION EMPRESARIAL DEL NOROESTE S.R.L;1;A
21-8VC;27-mar;26-mar;A;11;NO UE;0136-001;VC;30;ANTAMAPU;VISION EMPRESARIAL DEL NOROESTE S.R.L;1;A
21-9V;27-mar;26-mar;T1;2;NO UE;0136-001;V;14;ANTAMAPU;VISION EMPRESARIAL DEL NOROESTE S.R.L;1;A
21-10VC;27-mar;26-mar;T1;2;NO UE;0136-001;VC;10;ANTAMAPU;VISION EMPRESARIAL DEL NOROESTE S.R.L;1;A
22-1P;29-mar;28-mar;3;4;NO UE;0136-001;P;7;ANTAMAPU;FRUIT CROP;1;A
22-2VC;29-mar;28-mar;5;1;NO UE;0136-001;VC;30;ANTAMAPU;FRUIT CROP;1;A
22-3V;29-mar;28-mar;5;3;NO UE;0136-001;V;29;ANTAMAPU;FRUIT CROP;1;A
22-4VC;29-mar;28-mar;1;3;NO UE;0136-001;VC;21;ANTAMAPU;FRUIT CROP;1;A
22-5V;29-mar;28-mar;1;3;NO UE;0136-001;V;6;ANTAMAPU;FRUIT CROP;1;A
23-1P;30-mar;30-mar;3;4;NO UE;0290-003;P;5;CLAUDIA;A MARES;1;A
23-2VC;30-mar;30-mar;3;2;NO UE;0290-003;VC;33;CLAUDIA;A MARES;1;A
23-3V;30-mar;30-mar;3;1;NO UE;0290-003;V;33;CLAUDIA;A MARES;1;A
24-2VC;30-mar;30-mar;3;2;NO UE;0669-001;VC;4;TAJAMAR;GREENPACK;1;A
24-3V;30-mar;30-mar;5;5;NO UE;0669-001;V;9;TAJAMAR;GREENPACK;1;A
24-4VO;30-mar;30-mar;5;4;NO UE;0669-001;VO;9;TAJAMAR;GREENPACK;1;A
25-1P;30-mar;30-mar;3;4;NO UE;0136-001;P;7;ANTAMAPU;FRUIT CROP;1;A
25-2VC;30-mar;30-mar;3;3;NO UE;0136-001;VC;30;ANTAMAPU;FRUIT CROP;1;A
25-3V;30-mar;30-mar;5;5;NO UE;0136-001;V;17;ANTAMAPU;FRUIT CROP;1;A
25-4VC;30-mar;30-mar;5;10;NO UE;0136-001;VC;27;ANTAMAPU;FRUIT CROP;1;A
26-1P;31-mar;30-mar;3;4;NO UE;0290-003;P;1;CLAUDIA;A MARES;1;A
26-2VC;31-mar;30-mar;5;10;NO UE;0290-003;VC;4;CLAUDIA;A MARES;1;A
26-3V;31-mar;30-mar;5;5;NO UE;0290-003;V;3;CLAUDIA;A MARES;1;A
27-1P;31-mar;30-mar;3;2;NO UE;0268-001;P;1;LA LUZ;GREYCO;1;A
27-2VC;31-mar;30-mar;3;1;NO UE;0268-001;VC;3;LA LUZ;GREYCO;1;A
27-4VO;31-mar;30-mar;5;4;NO UE;0268-001;VO;4;LA LUZ;GREYCO;1;A
13-4V1;24-mar;24-mar;C;1;NO UE;0290-003;V;14;CLAUDIA;A MARES;1;V
28-1VC;31-mar;30-mar;2;2;NO UE;0268-001;VC;12;LA LUZ;GREYCO;1;A
28-2V;31-mar;30-mar;2;1;NO UE;0268-001;V;10;LA LUZ;GREYCO;1;A
28-3VO;31-mar;30-mar;2;5;NO UE;0268-001;VO;9;LA LUZ;GREYCO;1;P
28-4P;31-mar;30-mar;3;4;NO UE;0268-001;P;1;LA LUZ;GREYCO;1;A
29-1P;31-mar;30-mar;3;4;NO UE;0669-001;P;1;TAJAMAR;GREENPACK;1;A
29-2VC;31-mar;30-mar;2;2;NO UE;0669-001;VC;5;TAJAMAR;GREENPACK;1;P
29-3V;31-mar;30-mar;2;1;NO UE;0669-001;V;9;TAJAMAR;GREENPACK;1;A
29-4VO;31-mar;30-mar;2;5;NO UE;0669-001;VO;8;TAJAMAR;GREENPACK;1;P
30-1VC;31-mar;30-mar;10;1;UE;0793-001;VC;20;YAQUILO;FRUIT CROP;1;A
30-2V;31-mar;30-mar;10;4;UE;0793-001;V;30;YAQUILO;FRUIT CROP;1;A
30-3VO;31-mar;30-mar;10;5;UE;0793-001;VO;29;YAQUILO;FRUIT CROP;1;A
30-4V;31-mar;30-mar;10;3;UE;0793-001;V;30;YAQUILO;FRUIT CROP;1;A
30-5VO;31-mar;30-mar;10;2;UE;0793-001;VO;19;YAQUILO;FRUIT CROP;1;A
31-1VC;31-mar;31-mar;2;2;NO UE;0290-003;VC;11;CLAUDIA;A MARES;1;A
31-2V;31-mar;31-mar;2;4;NO UE;0290-003;V;27;CLAUDIA;A MARES;1;A
31-3VO;31-mar;31-mar;2;5;NO UE;0290-003;VO;10;CLAUDIA;A MARES;1;P
31-4P;31-mar;31-mar;1;1;NO UE;0290-003;P;4;CLAUDIA;A MARES;1;A
31-5VC;31-mar;31-mar;2;3;NO UE;0290-003;VC;8;CLAUDIA;A MARES;1;A
32-1P;1-abr;31-mar;T1;1;NO UE;0669-001;P;1;TAJAMAR;GREENPACK;1;A
32-2VC;1-abr;31-mar;2;3;NO UE;0669-001;VC;7;TAJAMAR;GREENPACK;1;P
32-3V;1-abr;31-mar;T1;1;NO UE;0669-001;V;4;TAJAMAR;GREENPACK;1;A
32-4VO;1-abr;31-mar;T1;3;NO UE;0669-001;VO;2;TAJAMAR;GREENPACK;1;A
33-1P;1-abr;31-mar;T1;1;NO UE;0268-001;P;2;LA LUZ;GREYCO;1;A
33-2VC;1-abr;31-mar;2;3;NO UE;0268-001;VC;6;LA LUZ;GREYCO;1;P
33-3V;1-abr;31-mar;T1;1;NO UE;0268-001;V;4;LA LUZ;GREYCO;1;A
33-4VO;1-abr;31-mar;T1;3;NO UE;0268-001;VO;3;LA LUZ;GREYCO;1;A
34-1VC;1-abr;31-mar;1;2;UE;0793-002;VC;17;YAQUILO;FRUIT CROP;1;A
34-2V;1-abr;31-mar;PFG2;9;UE;0793-002;V;29;YAQUILO;FRUIT CROP;1;A
34-3VO;1-abr;31-mar;5;9;UE;0793-002;VO;29;YAQUILO;FRUIT CROP;1;A
34-4V;1-abr;31-mar;PFG2;7;UE;0793-002;V;30;YAQUILO;FRUIT CROP;1;A
34-5VO;1-abr;31-mar;5;8;UE;0793-002;VO;30;YAQUILO;FRUIT CROP;1;A
34-6V;1-abr;31-mar;PFG2;7;UE;0793-002;V;8;YAQUILO;FRUIT CROP;1;A
34-7VO;1-abr;31-mar;5;7;UE;0793-002;VO;8;YAQUILO;FRUIT CROP;1;A
35-1P;1-abr;31-mar;5;4;NO UE;0268-001;P;1;LA LUZ;GREYCO;1;A
35-2VC;1-abr;31-mar;1;2;NO UE;0268-001;VC;6;LA LUZ;GREYCO;1;A
35-3V;1-abr;31-mar;T1;1;NO UE;0268-001;V;6;LA LUZ;GREYCO;1;A
35-4VO;1-abr;31-mar;T1;3;NO UE;0268-001;VO;6;LA LUZ;GREYCO;1;A
36-2VC;1-abr;1-abr;PFG2;1;USA;0290-003;VC;3;CLAUDIA;A MARES;1;A
36-4VO;1-abr;1-abr;5;7;USA;0290-003;VO;7;CLAUDIA;A MARES;1;A
37-1PC;1-abr;1-abr;A;PASILLO;USA;0290-003;PC;16;CLAUDIA;A MARES;1;A
37-2VC;1-abr;1-abr;PFG2;1;USA;0290-003;VC;27;CLAUDIA;A MARES;1;A
37-3V;1-abr;1-abr;PFG2;7;USA;0290-003;V;12;CLAUDIA;A MARES;1;A
37-4VO;1-abr;1-abr;5;7;USA;0290-003;VO;6;CLAUDIA;A MARES;1;A
37-5VC;1-abr;1-abr;PFG2;2;USA;0290-003;VC;6;CLAUDIA;A MARES;1;A
38-1PC;2-abr;1-abr;1;1;NO UE;0669-001;PC;1;TAJAMAR;GREENPACK;1;A
38-2VC 1;2-abr;1-abr;PFG2;PASILLO;USA;0669-001;VC;11;TAJAMAR;GREENPACK;1;A
38-2VC;2-abr;1-abr;PFG2;PASILLO;NO UE;0669-001;VC;4;TAJAMAR;GREENPACK;1;P
38-3V;2-abr;1-abr;PFG2;PASILLO;NO UE;0669-001;V;1;TAJAMAR;GREENPACK;1;A
38-4VO;2-abr;1-abr;5;7;NO UE;0669-001;VO;8;TAJAMAR;GREENPACK;1;A
39-1P;2-abr;1-abr;1;1;NO UE;0268-001;P;2;LA LUZ;GREYCO;1;A
39-2VC;2-abr;1-abr;PFG2;2;NO UE;0268-001;VC;11;LA LUZ;GREYCO;1;A
39-3V;2-abr;1-abr;PFG2;7;NO UE;0268-001;V;9;LA LUZ;GREYCO;1;A
39-4VO;2-abr;1-abr;PFG2;2;NO UE;0268-001;VO;6;LA LUZ;GREYCO;1;A
40-1P;2-abr;1-abr;1;1;NO UE;0136-001;P;1;ANTAMAPU;FRUIT CROP;1;A
40-2VC;2-abr;1-abr;PFG2;2;NO UE;0136-001;VC;2;ANTAMAPU;FRUIT CROP;1;A
41-1VC;2-abr;1-abr;PFG2;4;UE;0793-003;VC;18;YAQUILO;FRUIT CROP;1;A
41-2V;2-abr;1-abr;PFG2;5;UE;0793-003;V;30;YAQUILO;FRUIT CROP;1;A
41-3VO;2-abr;1-abr;IQFG;12;UE;0793-003;VO;39;YAQUILO;FRUIT CROP;1;A
41-4V;2-abr;1-abr;T2;3;UE;0793-003;V;27;YAQUILO;FRUIT CROP;1;A
41-5VO;2-abr;1-abr;IQFG;11;UE;0793-003;VO;33;YAQUILO;FRUIT CROP;1;A
41-6V;2-abr;1-abr;T2;1;UE;0793-003;V;12;YAQUILO;FRUIT CROP;1;P
42-1P;2-abr;1-abr;1;3;NO UE;0136-001;P;3;ANTAMAPU;FRUIT CROP;1;A
42-2VC;2-abr;1-abr;T2;2;NO UE;0136-001;VC;6;ANTAMAPU;FRUIT CROP;1;A
42-3V;2-abr;1-abr;T2;1;NO UE;0136-001;V;2;ANTAMAPU;FRUIT CROP;1;A
43-1P;2-abr;1-abr;T1;2;NO UE;0669-003;P;1;TAJAMAR;GREENPACK;1;A
43-2VC;2-abr;1-abr;T2;2;NO UE;0669-003;VC;10;TAJAMAR;GREENPACK;1;A
43-3V;2-abr;1-abr;T1;1;NO UE;0669-003;V;5;TAJAMAR;GREENPACK;1;A
43-4VO;2-abr;1-abr;IQFG;10;NO UE;0669-003;VO;4;TAJAMAR;GREENPACK;1;A
44-2VC;3-abr;2-abr;1;3;NO UE;0669-003;VC;25;TAJAMAR;GREENPACK;1;A
44-3V;3-abr;2-abr;1;5;NO UE;0669-003;V;9;TAJAMAR;GREENPACK;1;A
44-4VO;3-abr;2-abr;IQF;10;NO UE;0669-003;VO;4;TAJAMAR;GREENPACK;1;A
45-1P;3-abr;2-abr;9;3;NO UE;0136-001;P;5;ANTAMAPU;FRUIT CROP;1;A
45-2VC;3-abr;2-abr;9;1;NO UE;0136-001;VC;15;ANTAMAPU;FRUIT CROP;1;A
45-3V;3-abr;2-abr;1;5;NO UE;0136-001;V;3;ANTAMAPU;FRUIT CROP;1;A
46-1P;3-abr;2-abr;9;3;USA;0290-003;P;5;CLAUDIA;A MARES;1;A
46-2VC;3-abr;2-abr;9;1;USA;0290-003;VC;11;CLAUDIA;A MARES;1;A
46-3V;3-abr;2-abr;T1;2;USA;0290-003;V;3;CLAUDIA;A MARES;1;A
46-4VO;3-abr;2-abr;IQF;10;USA;0290-003;VO;5;CLAUDIA;A MARES;1;A
47-1VC;3-abr;2-abr;9;2;UE;0793-004;VC;14;YAQUILO;FRUIT CROP;1;A
47-2V;3-abr;2-abr;1;5;UE;0793-004;V;18;YAQUILO;FRUIT CROP;1;P
47-3VO;3-abr;2-abr;IQFG;10;UE;0793-004;VO;23;YAQUILO;FRUIT CROP;1;A
47-4V;3-abr;2-abr;T1;2;UE;0793-004;V;29;YAQUILO;FRUIT CROP;1;A
47-5VO;3-abr;2-abr;IQFG;9;UE;0793-004;VO;42;YAQUILO;FRUIT CROP;1;A
47-6V;3-abr;2-abr;5;2;UE;0793-004;V;16;YAQUILO;FRUIT CROP;1;A
48-1VC;4-abr;4-abr;9;2;UE;0793-004;VC;30;YAQUILO;FRUIT CROP;1;A
48-2V;4-abr;4-abr;5;2;UE;0793-004;V;29;YAQUILO;FRUIT CROP;1;A
48-3VO;4-abr;4-abr;PFG2;5;UE;0793-004;VO;33;YAQUILO;FRUIT CROP;1;A
48-4V;4-abr;4-abr;5;3;UE;0793-004;V;30;YAQUILO;FRUIT CROP;1;A
48-5VO;4-abr;4-abr;PFG2;5;UE;0793-004;VO;26;YAQUILO;FRUIT CROP;1;A
48-6PC;4-abr;4-abr;9;3;UE;0793-004;PC;6;YAQUILO;FRUIT CROP;1;A
48-7PO;4-abr;4-abr;5;1;UE;0793-004;P;4;YAQUILO;FRUIT CROP;1;P
48-8VO;4-abr;4-abr;1;4;UE;0793-004;VO;5;YAQUILO;FRUIT CROP;1;A
49-1PC;8-abr;7-abr;A;11;UE;0793-008;PC;15;YAQUILO;FRUIT CROP;1;A
49-2P;8-abr;7-abr;10;3;UE;0793-008;P;12;YAQUILO;FRUIT CROP;1;A
49-3VC;8-abr;7-abr;10;4;UE;0793-008;VC;12;YAQUILO;FRUIT CROP;1;A
49-4VO;8-abr;7-abr;10;5;UE;0793-008;VO;12;YAQUILO;FRUIT CROP;1;A
50-1PC;8-abr;7-abr;A;11;UE;0793--007;PC;15;YAQUILO;FRUIT CROP;1;A
50-2P;8-abr;7-abr;10;3;UE;0793--007;P;18;YAQUILO;FRUIT CROP;1;A
50-3VC;8-abr;7-abr;10;4;UE;0793--007;VC;18;YAQUILO;FRUIT CROP;1;A
50-4V;8-abr;7-abr;10;5;UE;0793--007;V;9;YAQUILO;FRUIT CROP;1;A
51-1PC;8-abr;7-abr;A;11;UE;0793-007;PC;14;YAQUILO;FRUIT CROP;1;A
51-3VC;8-abr;7-abr;10;1;UE;0793-007;VC;12;YAQUILO;FRUIT CROP;1;A
51-4V;8-abr;7-abr;10;5;UE;0793-007;V;9;YAQUILO;FRUIT CROP;1;A
51-5P;8-abr;7-abr;10;2;UE;0793-007;P;9;YAQUILO;FRUIT CROP;1;A
51-6V;8-abr;7-abr;3;1;UE;0793-007;V;6;YAQUILO;FRUIT CROP;1;A
52-1PC;9-abr;7-abr;A;11;UE;0793-005;PC;14;YAQUILO;FRUIT CROP;1;A
52-2P;9-abr;7-abr;10;2;UE;0793-005;P;14;YAQUILO;FRUIT CROP;1;A
52-3VC;9-abr;7-abr;10;1;UE;0793-005;VC;18;YAQUILO;FRUIT CROP;1;A
52-4V;9-abr;7-abr;3;1;UE;0793-005;V;8;YAQUILO;FRUIT CROP;1;A
53-1VC;9-abr;7-abr;3;4;NO UE;0669-001;VC;2;TAJAMAR;GREENPACK;1;A
53-2V;9-abr;7-abr;3;2;NO UE;0669-001;V;16;TAJAMAR;GREENPACK;1;A
53-3V;9-abr;7-abr;3;1;USA;0669-001;V;19;TAJAMAR;GREENPACK;1;A
53-4VO;9-abr;7-abr;5;10;NO UE;0669-001;VO;10;TAJAMAR;GREENPACK;1;A
53-5VO;9-abr;7-abr;5;1;USA;0669-001;VO;13;TAJAMAR;GREENPACK;1;A
54-1PC;9-abr;8-abr;A;7;UE;0793-006;PC;31;TAJAMAR;GREENPACK;1;A
54-2P;9-abr;8-abr;3;3;UE;0793-006;P;39;TAJAMAR;GREENPACK;1;A
54-3VC;9-abr;8-abr;3;4;UE;0793-006;VC;24;TAJAMAR;GREENPACK;1;A
54-4V;9-abr;8-abr;3;2;UE;0793-006;V;18;TAJAMAR;GREENPACK;1;A
54-5V;9-abr;8-abr;5;9;UE;0793-006;V;30;TAJAMAR;GREENPACK;1;A
54-6VC;9-abr;8-abr;5;1;UE;0793-006;VC;30;TAJAMAR;GREENPACK;1;A
54-7V;9-abr;8-abr;5;8;UE;0793-006;V;30;TAJAMAR;GREENPACK;1;A
54-8VC;9-abr;8-abr;T2;3;UE;0793-006;VC;27;TAJAMAR;GREENPACK;1;P
54-9V;9-abr;8-abr;T2;1;UE;0793-006;V;24;TAJAMAR;GREENPACK;1;A
54-10V;9-abr;8-abr;2;1;UE;0793-006;V;2;TAJAMAR;GREENPACK;1;A
54-11P;9-abr;8-abr;2;5;UE;0793-006;P;4;YAQUILO;GREENPACK;1;A
54-12VC;9-abr;8-abr;T2;2;UE;0793-006;VC;4;TAJAMAR;GREENPACK;1;P
55-1VC;9-abr;8-abr;T2;2;NO UE;0541-001;VC;2;LOS CHICOS;FRUIT CROP;1;A
55-2V;9-abr;8-abr;2;2;NO UE;0541-001;V;31;LOS CHICOS;FRUIT CROP;1;A
55-3VO;9-abr;8-abr;2;1;NO UE;0541-001;VO;22;LOS CHICOS;FRUIT CROP;1;A
56-1VC;9-abr;8-abr;T2;2;USA;0290-003;VC;9;CLAUDIA;A MARES;1;A
56-2V;9-abr;8-abr;2;5;USA;0290-003;V;30;CLAUDIA;A MARES;1;A
56-3V;9-abr;8-abr;1;1;USA;0290-003;V;30;CLAUDIA;A MARES;1;A
56-4V;9-abr;8-abr;2;4;NO UE;0290-003;V;12;CLAUDIA;A MARES;1;A
56-5V;9-abr;8-abr;1;2;USA;0290-003;V;30;CLAUDIA;A MARES;1;A
56-6V;9-abr;8-abr;2;4;USA;0290-003;V;18;CLAUDIA;A MARES;1;A
56-7VO;9-abr;8-abr;1;5;USA;0290-003;VO;14;CLAUDIA;A MARES;1;A
56-8V;9-abr;8-abr;1;4;USA;0290-003;V;30;CLAUDIA;A MARES;1;A
56-9V;9-abr;8-abr;1;3;USA;0290-003;V;17;CLAUDIA;A MARES;1;A
58-1VC;10-abr;8-abr;5;5;NO UE;0669-001;VC;30;TAJAMAR;GREENPACK;1;A
58-2V;10-abr;8-abr;1;3;NO UE;0669-001;V;12;TAJAMAR;GREENPACK;1;A
58-3VO;10-abr;8-abr;5;1;NO UE;0669-001;VO;15;TAJAMAR;GREENPACK;1;P
58-4V;10-abr;8-abr;5;4;NO UE;0669-001;V;30;TAJAMAR;GREENPACK;1;A
58-5VO;10-abr;8-abr;5;4;NO UE;0669-001;VO;10;TAJAMAR;GREENPACK;1;P
58-6V;10-abr;8-abr;T1;3;NO UE;0669-001;V;20;TAJAMAR;GREENPACK;1;A
58-7VC;10-abr;8-abr;T1;2;NO UE;0669-001;VC;5;TAJAMAR;GREENPACK;1;A
59-1VC;10-abr;8-abr;5;PASILLO;USA;0290-003;VC;2;CLAUDIA;A MARES;1;A
59-2V;10-abr;8-abr;9;2;USA;0290-003;V;8;CLAUDIA;A MARES;1;A
59-3VO;10-abr;8-abr;9;3;USA;0290-003;VO;4;CLAUDIA;A MARES;1;A
60-1VC;11-abr;10-abr;9;4;USA;0669-001;VC;6;TAJAMAR;GREENPACK;1;A
60-2V;11-abr;10-abr;5;7;NO UE;0669-001;V;30;TAJAMAR;GREENPACK;1;A
60-3V;11-abr;10-abr;9;2;USA;0669-001;V;21;TAJAMAR;GREENPACK;1;A
60-4VO;11-abr;10-abr;9;1;NO UE;0669-001;VO;29;TAJAMAR;GREENPACK;1;A
60-5V;11-abr;10-abr;9;5;USA;0669-001;V;25;TAJAMAR;GREENPACK;1;A
60-6VO;11-abr;10-abr;5;3;NO UE;0669-001;VO;22;TAJAMAR;GREENPACK;1;A
60-7VC;11-abr;10-abr;9;6;NO UE;0669-001;VC;11;TAJAMAR;GREENPACK;1;A
60-8V;11-abr;10-abr;PFG2;1;NO UE;0669-001;V;20;TAJAMAR;GREENPACK;1;A
61-1VC;11-abr;11-abr;PFG2;3;NO UE;0669-001;VC;11;TAJAMAR;GREENPACK;1;A
61-2V;11-abr;11-abr;PFG2;5;NO UE;0669-001;V;30;TAJAMAR;GREENPACK;1;P
61-3V;11-abr;11-abr;PFG2;2;USA;0669-001;V;24;TAJAMAR;GREENPACK;1;A
61-4VO;11-abr;11-abr;PFG2;9;NO UE;0669-001;VO;30;TAJAMAR;GREENPACK;1;A
61-5V;11-abr;11-abr;PFG2;6;NO UE;0669-001;V;11;TAJAMAR;GREENPACK;1;A
61-6VO;11-abr;11-abr;PFG2;8;NO UE;0669-001;VO;19;TAJAMAR;GREENPACK;1;A
62-1PC;13-abr;12-abr;T2;2;UE;0793-001;PC;17;YAQUILO;FRUIT CROP;1;PC
62-2V;13-abr;12-abr;PFG2;3;UE;0793-001;V;18;YAQUILO;FRUIT CROP;1;A
62-3V;13-abr;12-abr;PFG2;7;UE;0793-001;V;18;YAQUILO;FRUIT CROP;1;A
62-4A;13-abr;12-abr;A;8;UE;0793-001;A;19;YAQUILO;FRUIT CROP;1;A
62-5VC;13-abr;12-abr;5;2;UE;0793-001;VC;23;YAQUILO;FRUIT CROP;1;VC
62-6V;13-abr;12-abr;T2;3;UE;0793-001;V;25;YAQUILO;FRUIT CROP;1;A
62-7VO;13-abr;12-abr;9;3;UE;0793-001;VO;2;YAQUILO;FRUIT CROP;1;A
62-8V;13-abr;12-abr;T2;1;UE;0793-001;V;25;YAQUILO;FRUIT CROP;1;VC
62-9VC;13-abr;12-abr;IQFG;11;UE;0793-001;VC;3;YAQUILO;FRUIT CROP;1;A
62-10V;13-abr;12-abr;IQFG;12;NO UE;0793-001;V;5;YAQUILO;FRUIT CROP;1;A
62-11VO;13-abr;12-abr;9;1;NO UE;0793-001;VO;3;YAQUILO;FRUIT CROP;1;A
62-12VC;13-abr;12-abr;IQFG;10;NO UE;0793-001;VC;3;YAQUILO;FRUIT CROP;1;A
63-1P;13-abr;12-abr;A;2;USA;0290-003;P;2;CLAUDIA;A MARES;1;A
63-2VC;13-abr;12-abr;IQFG;10;USA;0290-003;VC;4;CLAUDIA;A MARES;1;A
63-3V;13-abr;12-abr;IQFG;12;USA;0290-003;V;34;CLAUDIA;A MARES;1;A
63-4VO;13-abr;12-abr;9;2;USA;0290-003;VO;19;CLAUDIA;A MARES;1;A
64-1PC;13-abr;13-abr;C;8;USA;0290-003;PC;13;CLAUDIA;A MARES;1;A
64-2P;13-abr;13-abr;IQFG;9;USA;0290-003;V;15;CLAUDIA;A MARES;1;A
64-3V;13-abr;13-abr;10;4;USA;0290-003;V;30;CLAUDIA;A MARES;1;A
64-4VO;13-abr;13-abr;10;3;USA;0290-003;VO;30;CLAUDIA;A MARES;1;A
64-5V;13-abr;13-abr;10;1;USA;0290-003;V;30;CLAUDIA;A MARES;1;A
64-6V;13-abr;13-abr;10;2;USA;0290-003;V;30;CLAUDIA;A MARES;1;A
64-7V;13-abr;13-abr;IQFG;8;USA;0290-003;V;39;CLAUDIA;A MARES;1;A
64-8VO;13-abr;13-abr;IQFG;7;USA;0290-003;VO;23;CLAUDIA;A MARES;1;A
64-9V;13-abr;13-abr;IQFG;6;USA;0290-003;V;33;CLAUDIA;A MARES;1;A
65-1VC;14-abr;13-abr;IQFG;11;NO UE;0669-006;VC;3;TAJAMAR;GREENPACK;1;VC
65-2V;14-abr;13-abr;IQFG;5;NO UE;0669-006;V;11;TAJAMAR;GREENPACK;1;V
65-3V;14-abr;13-abr;IQFG;5;USA;0669-006;V;10;TAJAMAR;GREENPACK;1;A
65-4VO;14-abr;13-abr;IQFG;7;NO UE;0669-006;VO;13;TAJAMAR;GREENPACK;1;A
66-1A;14-abr;13-abr;B;1;UE;0793-001;A;24;YAQUILO;FRUIT CROP;1;A
66-2P;14-abr;13-abr;IQFG;9;UE;0793-001;P;19;YAQUILO;FRUIT CROP;1;A
66-3VC;14-abr;13-abr;IQFG;10;UE;0793-001;VC;27;YAQUILO;FRUIT CROP;1;A
66-4V;14-abr;13-abr;IQFG;5;UE;0793-001;V;15;YAQUILO;FRUIT CROP;1;A
66-5V;14-abr;13-abr;IQFG;1;UE;0793-001;V;45;YAQUILO;FRUIT CROP;1;A
66-6V;14-abr;13-abr;IQFG;2;UE;0793-001;V;36;YAQUILO;FRUIT CROP;1;A
66-7A;14-abr;13-abr;C;2;UE;0793-001;A;12;YAQUILO;FRUIT CROP;1;A
66-8VC;14-abr;13-abr;IQFG;11;UE;0793-001;VC;11;YAQUILO;FRUIT CROP;1;A
66-9V;14-abr;13-abr;IQFG;3;UE;0793-001;V;22;YAQUILO;FRUIT CROP;1;A
67-1P;14-abr;13-abr;5;5;UE;0136-014;P;2;ANTAMAPU;FRUIT CROP;1;A
67-2VC;14-abr;13-abr;IQFG;11;NO UE;0136-014;VC;1;ANTAMAPU;FRUIT CROP;1;A
67-3V;14-abr;13-abr;IQFG;3;UE;0136-014;V;15;ANTAMAPU;FRUIT CROP;1;VC
67-4V;14-abr;13-abr;5;9;NO UE;0136-014;V;5;ANTAMAPU;FRUIT CROP;1;A
67-5VO;14-abr;13-abr;5;10;NO UE;0136-014;VO;1;ANTAMAPU;FRUIT CROP;1;A
68-1P;14-abr;13-abr;5;5;UE;0136-016;P;2;ANTAMAPU;FRUIT CROP;1;A
68-2VC;14-abr;13-abr;IQFG;11;NO UE;0136-016;VC;4;ANTAMAPU;FRUIT CROP;1;A
68-3V;14-abr;13-abr;IQFG;4;UE;0136-016;V;19;ANTAMAPU;FRUIT CROP;1;A
68-4V;14-abr;13-abr;5;9;NO UE;0136-016;V;5;ANTAMAPU;FRUIT CROP;1;A
68-5VO;14-abr;13-abr;5;10;NO UE;0136-016;VO;3;ANTAMAPU;FRUIT CROP;1;A
69-1P;14-abr;13-abr;5;5;UE;0136-014;P;1;ANTAMAPU;FRUIT CROP;1;A
69-2VC;14-abr;13-abr;IQFG;11;NO UE;0136-014;VC;2;ANTAMAPU;FRUIT CROP;1;A
69-3V;14-abr;13-abr;IQFG;4;UE;0136-014;V;4;ANTAMAPU;FRUIT CROP;1;VC
69-4V;14-abr;13-abr;5;9;NO UE;0136-014;V;2;ANTAMAPU;FRUIT CROP;1;A
69-5VO;14-abr;13-abr;5;10;NO UE;0136-014;VO;2;ANTAMAPU;FRUIT CROP;1;A
70-1VC;14-abr;13-abr;5;10;NO UE;0669-006;VC;2;TAJAMAR;GREENPACK;1;A
70-2V;14-abr;13-abr;5;9;NO UE;0669-006;V;10;TAJAMAR;GREENPACK;1;A
70-3V;14-abr;13-abr;5;8;USA;0669-006;V;8;TAJAMAR;GREENPACK;1;A
70-4VO;14-abr;13-abr;5;10;NO UE;0669-006;VO;10;TAJAMAR;GREENPACK;1;A
71-1P;14-abr;13-abr;5;5;UE;0136-014;P;3;ANTAMAPU;FRUIT CROP;1;A
71-2VC;14-abr;13-abr;3;4;NO UE;0136-014;VC;2;ANTAMAPU;FRUIT CROP;1;VC
71-3V;14-abr;13-abr;5;8;UE;0136-014;V;12;ANTAMAPU;FRUIT CROP;1;A
71-4V;14-abr;13-abr;3;1;NO UE;0136-014;V;4;ANTAMAPU;FRUIT CROP;1;V
71-5VO;14-abr;13-abr;5;10;NO UE;0136-014;VO;2;ANTAMAPU;FRUIT CROP;1;A
72-1PC;15-abr;14-abr;A;3;USA;0290-003;PC;4;CLAUDIA;A MARES;1;PC
72-2VC;15-abr;14-abr;3;4;USA;0290-003;VC;14;CLAUDIA;A MARES;1;A
72-3V;15-abr;14-abr;3;1;USA;0290-003;V;36;CLAUDIA;A MARES;1;A
72-4VO;15-abr;14-abr;3;2;USA;0290-003;VO;25;CLAUDIA;A MARES;1;VC
72-5V;15-abr;14-abr;3;3;USA;0290-003;V;22;CLAUDIA;A MARES;1;A
73-1A;15-abr;14-abr;B;2;UE;0793-001;A;23;YAQUILO;FRUIT CROP;1;A
73-2P;15-abr;14-abr;5;5;UE;0793-001;P;14;YAQUILO;FRUIT CROP;1;P
73-3VC;15-abr;14-abr;3;4;UE;0793-001;VC;12;YAQUILO;FRUIT CROP;1;A
73-4V;15-abr;14-abr;5;8;UE;0793-001;V;6;YAQUILO;FRUIT CROP;1;A
73-5V;15-abr;14-abr;5;4;UE;0793-001;V;30;YAQUILO;FRUIT CROP;1;A
73-6V;15-abr;14-abr;3;3;UE;0793-001;V;15;YAQUILO;FRUIT CROP;1;A
73-7VC;15-abr;14-abr;2;1;UE;0793-001;VC;16;YAQUILO;FRUIT CROP;1;A
73-8V;15-abr;14-abr;2;5;UE;0793-001;V;30;YAQUILO;FRUIT CROP;1;A
73-9V;15-abr;14-abr;2;4;UE;0793-001;V;6;YAQUILO;FRUIT CROP;1;A
74-2V;15-abr;14-abr;2;4;USA;0541-002;V;12;LOS CHICOS ;FRUIT CROP;1;A
74-3VO;15-abr;14-abr;1;5;USA;0541-002;VO;17;LOS CHICOS ;FRUIT CROP;1;A
75-1VC;15-abr;14-abr;2;1;USA;0541-001;VC;2;LOS CHICOS ;FRUIT CROP;1;A
75-2V;15-abr;14-abr;2;4;USA;0541-001;V;9;LOS CHICOS ;FRUIT CROP;1;A
75-3VO;15-abr;14-abr;1;5;USA;0541-001;VO;10;LOS CHICOS ;FRUIT CROP;1;A
75-4V;15-abr;14-abr;2;3;USA;0541-001;V;3;LOS CHICOS ;FRUIT CROP;1;A
76-1VC;15-abr;14-abr;2;1;USA;0290-003;VC;1;CLAUDIA;A MARES;1;A
76-2V;15-abr;14-abr;2;3;USA;0290-003;V;8;CLAUDIA;A MARES;1;A
76-3VO;15-abr;14-abr;1;4;USA;0290-003;VO;3;CLAUDIA;A MARES;1;A
77-1VC;15/44;14-abr;T2;2;USA;0290-003;VC;15;CLAUDIA;A MARES;1;A
77-2V;15-abr;14-abr;2;3;USA;0290-003;V;18;CLAUDIA;A MARES;1;A
77-3VO;15-abr;14-abr;1;1;USA;0290-003;VO;23;CLAUDIA;A MARES;1;A
77-4P;15-abr;14-abr;B;1;USA;0290-003;P;4;CLAUDIA;A MARES;1;A
77-5V;15-abr;14-abr;2;2;USA;0290-003;V;30;CLAUDIA;A MARES;1;A
77-6V;15-abr;14-abr;1;4;USA;0290-003;V;16;CLAUDIA;A MARES;1;A
78-1V;16-abr;15-abr;1;3;NO UE;0669-006;V;30;TAJAMAR;GREENPACK;1;A
78-2V;16-abr;15-abr;1;4;USA;0669-006;V;12;TAJAMAR;GREENPACK;1;A
78-3VO;16-abr;15-abr;1;2;NO UE;0669-006;VO;26;TAJAMAR;GREENPACK;1;A
78-4V;16-abr;15-abr;5;2;USA;0669-006;V;24;TAJAMAR;GREENPACK;1;A
78-5V;16-abr;15-abr;5;1;NO UE;0669-006;V;15;TAJAMAR;GREENPACK;1;A
79-1VC;16-abr;14-abr;T1;1;USA;0290-003;VC;9;CLAUDIA;A MARES;1;A
79-2V;16-abr;14-abr;T1;2;USA;0290-003;V;26;CLAUDIA;A MARES;1;A
79-3VO;16-abr;14-abr;T1;3;USA;0290-003;VO;17;CLAUDIA;A MARES;1;A
79-4A;16-abr;14-abr;C;1;USA;0290-003;A;1;CLAUDIA;A MARES;1;A
80-1A;16-abr;15-abr;A;7;UE;0793-001;A;30;YAQUILO;FRUIT CROP;1;A
80-2VC;16-abr;15-abr;T1;1;UE;0793-001;VC;14;YAQUILO;FRUIT CROP;1;A
80-3V;16-abr;15-abr;11;1;UE;0793-001;V;60;YAQUILO;FRUIT CROP;1;A
80-4VO;16-abr;15-abr;T1;3;UE;0793-001;VO;11;YAQUILO;FRUIT CROP;1;A
80-5P;16-abr;15-abr;IQFCH;2;UE;0793-001;P;18;YAQUILO;FRUIT CROP;1;P
80-6V;16-abr;15-abr;IQFCH;1;UE;0793-001;VC;18;YAQUILO;FRUIT CROP;1;VC
80-7VO;16-abr;15-abr;IQFCH;7;UE;0793-001;VO;24;YAQUILO;FRUIT CROP;1;A
80-8VO;16-abr;15-abr;IQFCH;6;UE;0793-001;VO;24;YAQUILO;FRUIT CROP;1;A
80-9V;16-abr;15-abr;11;6;UE;0793-001;V;34;YAQUILO;FRUIT CROP;1;A
80-10VO;16-abr;15-abr;IQFCH;5;UE;0793-001;VO;16;YAQUILO;FRUIT CROP;1;A
80-11VC;16-abr;15-abr;IQFCH;3;UE;0793-001;VC;3;YAQUILO;FRUIT CROP;1;A
80-12P;16-abr;15-abr;IQFCH;4;UE;0793-001;P;1;YAQUILO;FRUIT CROP;1;P
81-1A;16-abr;15-abr;A;6;USA;0669-006;A;1;TAJAMAR;GREENPACK;1;A
81-2VC;16-abr;15-abr;IQFCH;3;USA;0669-006;VC;6;TAJAMAR;GREENPACK;1;A
81-2VC;16-abr;15-abr;9;4;NO UE;0669-006;VC;9;TAJAMAR;GREENPACK;1;A
81-3V;16-abr;15-abr;11;5;USA;0669-006;V;13;TAJAMAR;GREENPACK;1;A
81-3V;16-abr;15-abr;PFG2;7;NO UE;0669-006;V;17;TAJAMAR;GREENPACK;1;P
81-4VO;16-abr;15-abr;IQFCH;5;USA;0669-006;VO;8;TAJAMAR;GREENPACK;1;A
81-4VO;16-abr;15-abr;IQFCH;4;NO UE;0669-006;VO;11;TAJAMAR;GREENPACK;1;P
82-3VC;16-abr;15-abr;A;8;NO UE;0669-006;VC;3;TAJAMAR;GREENPACK;1;A
82-4V;16-abr;15-abr;11;2;USA;0669-006;V;3;TAJAMAR;GREENPACK;1;A
82-5V;16-abr;15-abr;11;1;NO UE;0669-006;V;6;TAJAMAR;GREENPACK;1;A
82-6VO;16-abr;15-abr;11;3;USA;0669-006;VO;2;TAJAMAR;GREENPACK;1;A
82-7VO;16-abr;15-abr;IQFCH;3;NO UE;0669-006;VO;4;TAJAMAR;GREENPACK;1;P
83-1A;16-abr;16-abr;A;11;USA;0669-008;A;2;TAJAMAR;GREENPACK;1;A
83-2P;16-abr;16-abr;T2;1;USA;0669-008;P;9;TAJAMAR;GREENPACK;1;A
83-3VC;16-abr;16-abr;IQFCH;2;NO UE;0669-008;VC;6;TAJAMAR;GREENPACK;1;A
83-4V;16-abr;16-abr;11;2;USA;0669-008;V;22;TAJAMAR;GREENPACK;1;A
83-5V;16-abr;16-abr;11;1;NO UE;0669-008;V;9;TAJAMAR;GREENPACK;1;A
83-6VO;16-abr;16-abr;11;3;USA;0669-008;VO;17;TAJAMAR;GREENPACK;1;A
83-7VO;16-abr;16-abr;IQFCH;3;NO UE;0669-008;VO;6;TAJAMAR;GREENPACK;1;P
83-8V;16-abr;16-abr;11;5;NO UE;0669-008;V;21;TAJAMAR;GREENPACK;1;A
83-9VC;16-abr;16-abr;T2;3;NO UE;0669-008;VC;9;TAJAMAR;GREENPACK;1;A
83-10VO;16-abr;16-abr;11;4;NO UE;0669-008;VO;16;TAJAMAR;GREENPACK;1;A
84-1V;17-abr;16-abr;5;5;USA;0290-003;V;21;CLAUDIA;A MARES;1;A
84-2VO;17-abr;16-abr;11;3;USA;0290-003;VO;28;CLAUDIA;A MARES;1;A
84-3VC;17-abr;16-abr;T2;3;USA;0290-003;VC;9;CLAUDIA;A MARES;1;A
84-4V;17-abr;16-abr;11;2;USA;0290-003;V;14;CLAUDIA;A MARES;1;A
84-5PC;17-abr;16-abr;A;11;USA;0290-003;PC;3;CLAUDIA;A MARES;1;PC
85-1A;17-abr;16-abr;C;2;UE;0793-001;A;24;YAQUILO;FRUIT CROP;1;A
85-2P;17-abr;16-abr;;;UE;0793-001;P;24;YAQUILO;FRUIT CROP;1;P
85-3VC;17-abr;16-abr;T2;3;UE;0793-001;VC;9;YAQUILO;FRUIT CROP;1;A
85-4V;17-abr;16-abr;11;5;UE;0793-001;V;18;YAQUILO;FRUIT CROP;1;P
85-5VO;17-abr;16-abr;11;4;UE;0793-001;VO;15;YAQUILO;FRUIT CROP;1;VC
85-6VO;17-abr;16-abr;11;3;UE;0793-001;VO;39;YAQUILO;FRUIT CROP;1;VC
85-7V;17-abr;16-abr;11;2;UE;0793-001;V;39;YAQUILO;FRUIT CROP;1;P
85-8VC;17-abr;16-abr;T2;2;UE;0793-001;VC;9;YAQUILO;FRUIT CROP;1;A
85-9VC;17-abr;16-abr;10;5;UE;0793-001;VC;13;YAQUILO;FRUIT CROP;1;A
85-10V;17-abr;16-abr;IQFG;1;UE;0793-001;V;27;YAQUILO;FRUIT CROP;1;A
85-11VO;17-abr;16-abr;IQFG;2;UE;0793-001;VO;37;YAQUILO;FRUIT CROP;1;A
85-12A;17-abr;16-abr;B;5;UE;0793-001;A;12;YAQUILO;FRUIT CROP;1;A
86-1A;17-abr;16-abr;A;11;UE;0136-014;A;2;ANTAMAPU;FRUIT CROP;1;A
86-2P;17-abr;16-abr;A;11;UE;0136-014;P;2;ANTAMAPU;FRUIT CROP;1;P
86-3V;17-abr;16-abr;10;5;UE;0136-014;V;2;ANTAMAPU;FRUIT CROP;1;A
86-6V;17-abr;16-abr;IQFG;1;UE;0136-014;V;4;ANTAMAPU;FRUIT CROP;1;A
86-7VO;17-abr;16-abr;IQFG;1;NO UE;0136-014;VO;2;ANTAMAPU;FRUIT CROP;1;A
86-8VC;17-abr;16-abr;9;3;NO UE;0136-014;VC;2;ANTAMAPU;FRUIT CROP;1;A
87-1A;17-abr;16-abr;A;1;UE;0136-016;A;3;ANTAMAPU;FRUIT CROP;1;A
87-2P;17-abr;16-abr;A;5;UE;0136-016;P;6;ANTAMAPU;FRUIT CROP;1;P
87-4V;17-abr;16-abr;5;4;UE;0136-016;V;16;ANTAMAPU;FRUIT CROP;1;A
87-5VO;17-abr;16-abr;9;6;UE;0136-016;VO;5;ANTAMAPU;FRUIT CROP;1;A
87-6V;17-abr;16-abr;IQFG;3;NO UE;0136-016;V;3;ANTAMAPU;FRUIT CROP;1;A
87-7VO;17-abr;16-abr;5;4;NO UE;0136-016;VO;6;ANTAMAPU;FRUIT CROP;1;A
88-1A;17-abr;16-abr;A;1;UE;0136-014;A;3;ANTAMAPU;FRUIT CROP;1;A
88-2P;17-abr;16-abr;A;8;UE;0136-014;P;7;ANTAMAPU;FRUIT CROP;1;P
88-3VC;17-abr;16-abr;10;5;UE;0136-014;VC;7;ANTAMAPU;FRUIT CROP;1;A
88-4VO;17-abr;16-abr;PFG2;PASILLO;NO UE;0136-014;VO;2;ANTAMAPU;FRUIT CROP;1;A
88-5V;17-abr;16-abr;5;4;UE;0136-014;V;6;ANTAMAPU;FRUIT CROP;1;A
88-6V;17-abr;16-abr;IQFG;3;NO UE;0136-014;V;6;ANTAMAPU;FRUIT CROP;1;A
88-7V;17-abr;16-abr;5;5;UE;0136-014;V;9;ANTAMAPU;FRUIT CROP;1;A
88-8VC;17-abr;16-abr;PFG2;PASILLO;NO UE;0136-014;VC;2;ANTAMAPU;FRUIT CROP;1;A
89-1A;17-abr;16-abr;B;8;USA;0290-003;A;15;CLAUDIA;A MARES;1;A
89-2V;17-abr;16-abr;IQFG;3;USA;0290-003;V;27;CLAUDIA;A MARES;1;A
89-3VO;17-abr;16-abr;9;6;USA;0290-003;VO;24;CLAUDIA;A MARES;1;A
89-4V;17-abr;16-abr;5;7;USA;0290-003;V;29;CLAUDIA;A MARES;1;A
89-5VC;17-abr;16-abr;5;8;USA;0290-003;VC;29;CLAUDIA;A MARES;1;A
89-6VO;17-abr;16-abr;9;5;USA;0290-003;VO;30;CLAUDIA;A MARES;1;A
89-7V;17-abr;16-abr;PFG2;1;USA;0290-003;V;30;CLAUDIA;A MARES;1;A
89-8VO;17-abr;16-abr;PFG2;3;USA;0290-003;VO;22;CLAUDIA;A MARES;1;A
89-9V;17-abr;16-abr;PFG2;PASILLO;USA;0290-003;V;5;CLAUDIA;A MARES;1;A
90-1A;18-abr;17-abr;A;9;UE;0793-001;A;21;YAQUILO;FRUIT CROP;1;A
90-2P;18-abr;17-abr;B;10;UE;0793-001;P;30;YAQUILO;FRUIT CROP;1;P
90-3VC;18-abr;17-abr;PFG2;6;UE;0793-001;VC;28;YAQUILO;FRUIT CROP;1;A
90-4V;18-abr;17-abr;IQFG;4;UE;0793-001;V;36;YAQUILO;FRUIT CROP;1;A
90-5VO;18-abr;17-abr;2;5;UE;0793-001;VO;26;YAQUILO;FRUIT CROP;1;A
90-6A;18-abr;17-abr;A;7;UE;0793-001;A;33;YAQUILO;FRUIT CROP;1;A
90-7P;18-abr;17-abr;A;8;UE;0793-001;P;43;YAQUILO;FRUIT CROP;1;P
90-8VC;18-abr;17-abr;PFCH;1;UE;0793-001;VC;14;YAQUILO;FRUIT CROP;1;A
90-9A;18-abr;17-abr;A;3;UE;0793-001;A;20;YAQUILO;FRUIT CROP;1;A
90-10P;18-abr;17-abr;A;9;UE;0793-001;P;29;YAQUILO;FRUIT CROP;1;A
91-1A;18-abr;17-abr;A;7;USA;0669-008;A;1;TAJAMAR;GREENPACK;1;A
91-2P;18-abr;17-abr;A;7;USA;0669-008;P;4;TAJAMAR;GREENPACK;1;A
91-3V;18-abr;17-abr;IQFG;9;USA;0669-008;V;5;TAJAMAR;GREENPACK;1;A
91-4VO;18-abr;17-abr;IQFG;11;USA;0669-008;VO;1;TAJAMAR;GREENPACK;1;A
91-5VC;18-abr;17-abr;PFCH;2;NO UE;0669-008;VC;7;TAJAMAR;GREENPACK;1;A
91-6V;18-abr;17-abr;IQFG;10;NO UE;0669-008;V;8;TAJAMAR;GREENPACK;1;A
91-7VO;18-abr;17-abr;IQFG;11;NO UE;0669-008;VO;1;TAJAMAR;GREENPACK;1;A
92-1A;18-abr;17-abr;A;9;USA;0669-008;A;2;TAJAMAR;GREENPACK;1;A
92-2P;18-abr;17-abr;A;7;USA;0669-008;P;4;TAJAMAR;GREENPACK;1;A
92-3VC;18-abr;17-abr;T2;1;NO UE;0669-008;VC;27;TAJAMAR;GREENPACK;1;A
92-4V;18-abr;17-abr;;PASILLO;USA;0669-008;V;8;TAJAMAR;GREENPACK;1;A
92-5V;18-abr;17-abr;IQFG;10;NO UE;0669-008;V;30;TAJAMAR;GREENPACK;1;A
92-6VO;18-abr;17-abr;IQFG;11;NO UE;0669-008;VO;10;TAJAMAR;GREENPACK;1;A
92-7VO;18-abr;17-abr;5;PASILLO;USA;0669-008;VO;3;TAJAMAR;GREENPACK;1;A
92-8V;18-abr;17-abr;IQFG;9;NO UE;0669-008;V;13;TAJAMAR;GREENPACK;1;A
93-1A;19-abr;17-abr;B;6;USA;0290-003;A;10;CLAUDIA;A MARES;1;A
93-2V;19-abr;17-abr;IQFG;9;USA;0290-003;V;20;CLAUDIA;A MARES;1;A
93-3VO;19-abr;17-abr;IQFG;11;USA;0290-003;VO;17;CLAUDIA;A MARES;1;A
93-4VC;19-abr;17-abr;5;3;USA;0290-003;VC;24;CLAUDIA;A MARES;1;A
93-5V;19-abr;17-abr;9;5;USA;0290-003;V;30;CLAUDIA;A MARES;1;A
93-6V;19-abr;17-abr;C;2;USA;0290-003;V;17;CLAUDIA;A MARES;1;A
94-1A;19-abr;17-abr;A;4;USA;0290-003;A;4;CLAUDIA;A MARES;1;A
94-2VC;19-abr;17-abr;3;2;USA;0290-003;VC;15;CLAUDIA;A MARES;1;A
94-3V;19-abr;17-abr;3;1;USA;0290-003;V;27;CLAUDIA;A MARES;1;A
94-4VO;19-abr;17-abr;B;7;USA;0290-003;VO;7;CLAUDIA;A MARES;1;A
95-1A;19-abr;17-abr;B;6;NO UE;0136-014;A;4;ANTAMAPU;FRUIT CROP;1;A
95-2P;19-abr;17-abr;C;11;UE;0136-014;P;12;ANTAMAPU;FRUIT CROP;1;A
95-3V;19-abr;17-abr;10;4;UE;0136-014;V;10;ANTAMAPU;FRUIT CROP;1;A
95-7VO;19-abr;17-abr;3;;NO UE;0136-014;VO;3;ANTAMAPU;FRUIT CROP;1;A
96-1A;19-abr;17-abr;C;10;NO UE;0136-016;A;6;ANTAMAPU;FRUIT CROP;1;A
96-2P;19-abr;17-abr;C;9;UE;0136-016;P;10;ANTAMAPU;FRUIT CROP;1;A
96-3VC;19-abr;17-abr;3;2;NO UE;0136-016;VC;5;ANTAMAPU;FRUIT CROP;1;A
96-4V;19-abr;17-abr;10;4;UE;0136-016;V;17;ANTAMAPU;FRUIT CROP;1;A
96-5V;19-abr;17-abr;10;3;NO UE;0136-016;V;6;ANTAMAPU;FRUIT CROP;1;A
97-1A;19-abr;17-abr;B;7;UE;0793-001;A;19;YAQUILO;FRUIT CROP;1;A
97-2P;19-abr;17-abr;C;11;UE;0793-001;P;17;YAQUILO;FRUIT CROP;1;A
97-3VC;19-abr;17-abr;3;2;UE;0793-001;VC;10;YAQUILO;FRUIT CROP;1;A
97-4V;19-abr;17-abr;10;1;UE;0793-001;V;6;YAQUILO;FRUIT CROP;1;A
98-1A;19-abr;18-abr;A;7;USA;0669-008;A;1;TAJAMAR;GREENPACK;1;A
98-2P;19-abr;18-abr;A;7;USA;0669-008;P;1;TAJAMAR;GREENPACK;1;A
98-3P;19-abr;18-abr;A;PASILLO;NO UE;0669-008;P;1;TAJAMAR;GREENPACK;1;A
98-4V;19-abr;18-abr;10;4;USA;0669-008;V;1;TAJAMAR;GREENPACK;1;A
98-5V;19-abr;18-abr;10;3;NO UE;0669-008;V;3;TAJAMAR;GREENPACK;1;A
98-7VO;19-abr;18-abr;T2;;NO UE;0669-008;VO;3;TAJAMAR;GREENPACK;1;A
99-1A;19-abr;18-abr;A;11;USA;0669-008;A;2;TAJAMAR;GREENPACK;1;A
99-2P;19-abr;18-abr;A;11;USA;0669-008;P;4;TAJAMAR;GREENPACK;1;A
99-3VC;19-abr;18-abr;10;2;NO UE;0669-008;VC;21;TAJAMAR;GREENPACK;1;A
99-4V;19-abr;18-abr;10;1;USA;0669-008;V;11;TAJAMAR;GREENPACK;1;V
99-5V;19-abr;18-abr;10;3;NO UE;0669-008;V;21;TAJAMAR;GREENPACK;1;A
99-6VO;19-abr;18-abr;T2;3;USA;0669-008;VO;4;TAJAMAR;GREENPACK;1;A
99-7VO;19-abr;18-abr;T2;3;NO UE;0669-008;VO;9;TAJAMAR;GREENPACK;1;A
99-8V;19-abr;18-abr;10;1;NO UE;0669-008;V;8;TAJAMAR;GREENPACK;1;A
100-1A;19-abr;18-abr;A;11;NO UE;0669-008;A;1;TAJAMAR;GREENPACK;1;A
100-2P;19-abr;18-abr;A;11;USA;0669-008;P;1;TAJAMAR;GREENPACK;1;A
100-3VC;19-abr;18-abr;IQFG;8;NO UE;0669-008;VC;7;TAJAMAR;GREENPACK;1;A
100-4V;19-abr;18-abr;IQFG;5;USA;0669-008;V;4;TAJAMAR;GREENPACK;1;A
100-6VO;19-abr;18-abr;9;3;USA;0669-008;VO;1;TAJAMAR;GREENPACK;1;A
100-7V;19-abr;18-abr;IQFG;6;NO UE;0669-008;V;11;TAJAMAR;GREENPACK;1;A
100-8VO;19-abr;18-abr;IQFG;12;NO UE;0669-008;VO;3;TAJAMAR;GREENPACK;1;A
101-1A;20-abr;18-abr;A;11;USA;0290-003;A;13;CLAUDIA;A MARES;1;A
101-2V;20-abr;18-abr;IQFG;5;USA;0290-003;V;33;CLAUDIA;A MARES;1;A
101-3VO;20-abr;18-abr;9;3;USA;0290-003;VO;17;CLAUDIA;A MARES;1;A
101-4VC;20-abr;18-abr;IQFG;8;USA;0290-003;VC;22;CLAUDIA;A MARES;1;A
101-5V;20-abr;18-abr;2;1;USA;0290-03;V;5;CLAUDIA;A MARES;1;A
102-1A;20-abr;18-abr;B;7;USA;0291-014;A;3;M ROSARIO;A MARES;1;A
102-2P;20-abr;18-abr;C;15;USA;0291-014;P;4;M ROSARIO;A MARES;1;A
102-3VC;20-abr;18-abr;IQFG;8;USA;0291-014;VC;9;M ROSARIO;A MARES;1;A
102-4V;20-abr;18-abr;IQFG;12;USA;0291-014;V;6;M ROSARIO;A MARES;1;A
102-5VO;20-abr;18-abr;IQFG;12;USA;0291-014;VO;5;M ROSARIO;A MARES;1;A
102-6VC;20-abr;18-abr;PFG2;4;USA;0291-014;VC;11;M ROSARIO;A MARES;1;A
103-1P;20-abr;18-abr;B;8;USA;0290-003;P;5;CLAUDIA;A MARES;1;A
103-2VC;20-abr;18-abr;PFG2;4;USA;0290-003;VC;14;CLAUDIA;A MARES;1;A
103-3V;20-abr;18-abr;IQFG;12;USA;0290-003;V;16;CLAUDIA;A MARES;1;A
103-4VO;20-abr;18-abr;IQFG;9;USA;0290-003;VO;4;CLAUDIA;A MARES;1;A
104-1A;20-abr;19-abr;A;6;UE;0793-001;A;37;YAQUILO;FRUIT CROP;1;A
104-2P;20-abr;19-abr;C;16;UE;0793-001;P;20;YAQUILO;FRUIT CROP;1;P
104-3VC;20-abr;19-abr;PFG2;2;UE;0793-001;VC;30;YAQUILO;FRUIT CROP;1;VC
104-4V;20-abr;19-abr;IQFG;12;UE;0793-001;V;11;YAQUILO;FRUIT CROP;1;A
104-5P;20-abr;19-abr;B;7;UE;0793-001;P;27;YAQUILO;FRUIT CROP;1;P
104-6P;20-abr;19-abr;A;11;UE;0793-001;P;5;YAQUILO;FRUIT CROP;1;P
105-1A;21-abr;20-abr;A;11;NO UE;0669-008;A;1;TAJAMAR;GREENPACK;1;A
105-2P;21-abr;20-abr;B;PASILLO;NO UE;0669-008;P;2;TAJAMAR;GREENPACK;1;P
105-3VC;21-abr;20-abr;PFG2;4;NO UE;0669-008;VC;1;TAJAMAR;GREENPACK;1;A
105-4V;21-abr;20-abr;IQFG;12;NO UE;0669-008;V;3;TAJAMAR;GREENPACK;1;A
105-5VO;21-abr;20-abr;PFG2;9;NO UE;0669-008;VO;3;TAJAMAR;GREENPACK;1;A
106-1A;24-abr;24-abr;9;6;UE;0793-002;A;20;YAQUILO;FRUIT CROP;1;A
106-2P;24-abr;24-abr;10;4;UE;0793-002;P;12;YAQUILO;FRUIT CROP;1;P
106-3VC;24-abr;24-abr;T2;2;UE;0793-002;VC;26;YAQUILO;FRUIT CROP;1;A
106-4V;24-abr;24-abr;1;1;UE;0793-002;V;3;YAQUILO;FRUIT CROP;1;A
106-5VC;24-abr;24-abr;T2;1;UE;0793-002;VC;24;YAQUILO;FRUIT CROP;1;A
106-6A;24-abr;24-abr;9;6;UE;0793-002;A;36;YAQUILO;FRUIT CROP;1;A
106-7A;24-abr;24-abr;C;5;UE;0793-002;A;45;YAQUILO;FRUIT CROP;1;A
106-8A;24-abr;24-abr;A;11;NO UE;0793-002;A;4;YAQUILO;FRUIT CROP;0;A
106-9A;24-abr;24-abr;A;9;UE;0793-002;A;63;YAQUILO;FRUIT CROP;1;A
106-10VC;24-abr;24-abr;5;4;UE;0793-002;VC;7;YAQUILO;FRUIT CROP;1;A
107-1A;25-abr;25-abr;A;9;USA;0290-004;A;12;CLAUDIA;A MARES;1;A
107-2VC;25-abr;25-abr;3;4;USA;0290-004;VC;15;CLAUDIA;A MARES;1;A
107-3V;25-abr;25-abr;5;10;USA;0290-004;V;29;CLAUDIA;A MARES;0;A
107-4VO;25-abr;25-abr;5;9;USA;0290-004;VO;19;CLAUDIA;A MARES;0;A
107-5V;25-abr;25-abr;5;2;NO UE;0290-004;V;12;CLAUDIA;A MARES;0;A
107-6VO;25-abr;25-abr;5;1;NO UE;0290-004;VO;5;CLAUDIA;A MARES;1;A
107-7VO;25-abr;25-abr;5;7;USA;0290-004;VO;12;CLAUDIA;A MARES;1;A
107-8V;25-abr;25-abr;5;6;USA;0290-004;V;25;CLAUDIA;A MARES;0;A
108-1A;25-abr;24-abr;9;6;UE;0793-002;A;36;YAQUILO;FRUIT CROP;1;A
108-2VC;25-abr;24-abr;3;4;UE;0793-002;VC;15;YAQUILO;FRUIT CROP;1;A
108-3VC;25-abr;24-abr;3;2;UE;0793-002;VC;36;YAQUILO;FRUIT CROP;1;A
108-4V;25-abr;24-abr;5;6;UE;0793-002;V;17;YAQUILO;FRUIT CROP;1;A
108-5A;25-abr;24-abr;10;4;UE;0793-002;A;36;YAQUILO;FRUIT CROP;1;A
108-6VC;25-abr;24-abr;3;1;UE;0793-002;VC;36;YAQUILO;FRUIT CROP;1;A
108-7VC;25-abr;24-abr;3;3;UE;0793-002;VC;35;YAQUILO;FRUIT CROP;1;A
108-8A;25-abr;24-abr;9;1;UE;0793-002;A;36;YAQUILO;FRUIT CROP;1;A
108-9VC;25-abr;24-abr;3;3;UE;0793-002;VC;29;YAQUILO;FRUIT CROP;1;A
108-10A;25-abr;24-abr;10;2;UE;0793-002;A;16;YAQUILO;FRUIT CROP;1;A
109-1A;26-abr;25-abr;C;8;USA;0290-004;A;21;CLAUDIA;A MARES;1;A
109-2P;26-abr;25-abr;5;5;USA;0290-004;P;23;CLAUDIA;A MARES;1;A
109-3V;26-abr;25-abr;5;2;USA;0290-004;V;28;CLAUDIA;A MARES;0;A
109-4VO;26-abr;25-abr;5;8;USA;0290-004;VO;15;CLAUDIA;A MARES;1;A
109-5VC;26-abr;25-abr;5;1;NO UE;0290-004;VC;30;CLAUDIA;A MARES;1;A
109-7V;26-abr;25-abr;2;1;USA;0290-004;V;30;CLAUDIA;A MARES;1;VC
109-8VO;26-abr;25-abr;2;5;USA;0290-004;VO;21;CLAUDIA;A MARES;1;V
109-9V;26-abr;25-abr;2;2;USA;0290-004;V;12;CLAUDIA;A MARES;1;A
109-10A;26-abr;25-abr;A;10;NO UE;0290-004;A;6;CLAUDIA;A MARES;1;A
109-11P;26-abr;25-abr;T1;3;NO UE;0290-004;P;7;CLAUDIA;A MARES;1;A
109-12V;26-abr;25-abr;2;4;NO UE;0290-004;V;22;CLAUDIA;A MARES;1;VC
109-14VO;26-abr;25-abr;2;3;USA;0290-004;VO;21;CLAUDIA;A MARES;1;A
110-1A;26-abr;25-abr;C;;USA;0290-004;A;9;CLAUDIA;A MARES;1;A
110-2VC;26-abr;25-abr;1;4;USA;0290-004;VC;12;CLAUDIA;A MARES;1;A
110-3V;26-abr;25-abr;2;2;USA;0290-004;V;18;CLAUDIA;A MARES;1;VC
110-4V;26-abr;25-abr;2;5;USA;0290-004;V;9;CLAUDIA;A MARES;1;A
110-5V;26-abr;25-abr;1;5;USA;0290-004;V;16;CLAUDIA;A MARES;1;A
110-6VO;26-abr;25-abr;PFG2;9;NO UE;0290-004;VO;6;CLAUDIA;A MARES;1;A
110-7V;26-abr;25-abr;1;5;NO UE;0290-004;V;17;CLAUDIA;A MARES;1;A
110-8VO;26-abr;25-abr;1;1;USA;0290-004;VO;7;CLAUDIA;A MARES;1;A
110-9A;26-abr;25-abr;A;PASILLO;NO UE;0290-004;A;1;CLAUDIA;A MARES;1;A
111-1A;26-abr;25-abr;A;2;USA;0419-001;A;15;EL MOLINO;GREYCO;1;A
111-2VC;26-abr;25-abr;PFG2;2;USA;0419-001;VC;23;EL MOLINO;GREYCO;1;A
111-3VC;26-abr;25-abr;PFG2;3;NO UE;0419-001;VC;8;EL MOLINO;GREYCO;1;A
111-4V;26-abr;25-abr;PFG2;8;USA;0419-001;V;30;EL MOLINO;GREYCO;1;A
111-5V;26-abr;25-abr;1;2;NO UE;0419-001;V;14;EL MOLINO;GREYCO;1;A
111-6VO;26-abr;25-abr;PFG2;9;USA;0419-001;VO;16;EL MOLINO;GREYCO;1;V
111-7VO;26-abr;25-abr;PFG2;9;NO UE;0419-001;VO;5;EL MOLINO;GREYCO;1;V
111-8V;26-abr;25-abr;1;3;NO UE;0419-001;V;10;EL MOLINO;GREYCO;1;V
111-9V;26-abr;25-abr;PFG2;PASILLO;USA;0419-001;V;8;EL MOLINO;GREYCO;1;A
112-1A;26-abr;25-abr;10;3;UE;0793-002;A;26;YAQUILO;FRUIT CROP;1;A
112-2VC;26-abr;25-abr;PFG2;3;UE;0793-002;VC;21;YAQUILO;FRUIT CROP;1;A
112-3V;26-abr;25-abr;1;5;UE;0793-002;V;5;YAQUILO;FRUIT CROP;1;A
112-4VO;26-abr;25-abr;PFG2;PASILLO;UE;0793-002;VO;1;YAQUILO;FRUIT CROP;0;A
112-5VC;26-abr;25-abr;PFG2;7;UE;0793-002;VC;21;YAQUILO;FRUIT CROP;1;A
112-6VC;26-abr;25-abr;PFG2;7;UE;0793-002;VC;5;YAQUILO;FRUIT CROP;1;A
113-1A;27-abr;25-abr;C;7;USA;0290-004;A;15;CLAUDIA;A MARES;1;A
113-2P;27-abr;25-abr;PFG2;4;USA;0290-004;P;21;CLAUDIA;A MARES;1;A
113-3V;27-abr;25-abr;PFG2;5;USA;0290-004;V;25;CLAUDIA;A MARES;1;A
113-4VO;27-abr;25-abr;1;1;USA;0290-004;VO;11;CLAUDIA;A MARES;1;A
113-5VC;27-abr;25-abr;PFG2;6;NO UE;0290-004;VC;21;CLAUDIA;A MARES;1;A
113-6VO;27-abr;25-abr;2;3;NO UE;0290-004;VO;9;CLAUDIA;A MARES;1;A
113-7A;27-abr;25-abr;C;8;NO UE;0290-004;A;6;CLAUDIA;A MARES;1;A
113-8P;27-abr;25-abr;PFG2;4;NO UE;0290-004;P;6;CLAUDIA;A MARES;1;A
113-9V;27-abr;25-abr;PFG2;1;NO UE;0290-004;V;18;CLAUDIA;A MARES;1;A
113-10VO;27-abr;25-abr;IQFG;12;NO UE;0290-004;VO;13;CLAUDIA;A MARES;1;A
113-11P;27-abr;25-abr;IQFG;11;NO UE;0290-004;P;5;CLAUDIA;A MARES;1;A
114-1A;27-abr;25-abr;B;8;USA;0290-004;A;6;CLAUDIA;A MARES;1;A
114-2VC;27-abr;25-abr;IQFG;1;NO UE;0290-004;VC;8;CLAUDIA;A MARES;1;A
114-3V;27-abr;25-abr;PFG2;1;USA;0290-004;V;12;CLAUDIA;A MARES;1;A
114-4V;27-abr;25-abr;IQFG;10;NO UE;0290-004;V;30;CLAUDIA;A MARES;1;A
114-5VO;27-abr;25-abr;IQFG;8;USA;0290-004;VO;5;CLAUDIA;A MARES;1;A
114-6VO;27-abr;25-abr;IQFG;12;NO UE;0290-004;VO;12;CLAUDIA;A MARES;1;A
114-7V;27-abr;25-abr;IQFG;9;USA;0290-004;V;6;CLAUDIA;A MARES;1;A
114-8A;27-abr;25-abr;B;3;NO UE;0290-004;A;7;CLAUDIA;A MARES;1;A
114-9A;27-abr;25-abr;C;4;USA;0290-004;A;7;CLAUDIA;A MARES;1;A
114-10VC;27-abr;25-abr;IQFG;1;NO UE;0290-004;V;6;CLAUDIA;A MARES;1;A
114-11V;27-abr;25-abr;IQFG;9;USA;0290-004;V;15;CLAUDIA;A MARES;1;A
114-12V;27-abr;25-abr;IQFG;7;NO UE;0290-004;V;11;CLAUDIA;A MARES;1;A
114-13VO;27-abr;25-abr;IQFG;8;USA;0290-004;VO;3;CLAUDIA;A MARES;1;A
114-14VO;27-abr;25-abr;IQFG;12;NO UE;0290-004;VO;4;CLAUDIA;A MARES;1;A
115-1A;27-abr;26-abr;10;4;UE;0793-002;A;36;YAQUILO;FRUIT CROP;1;A
115-2VC;27-abr;26-abr;IQFG;1;UE;0793-002;VC;33;YAQUILO;FRUIT CROP;1;A
115-3V;27-abr;26-abr;IQFG;9;UE;0793-002;V;13;YAQUILO;FRUIT CROP;1;A
115-4VC;27-abr;26-abr;IQFG;2;UE;0793-002;VC;39;YAQUILO;FRUIT CROP;1;A
115-5A;27-abr;26-abr;10;3;UE;0793-002;A;35;YAQUILO;FRUIT CROP;1;A
115-6VC;27-abr;26-abr;IQFG;3;UE;0793-002;VC;39;YAQUILO;FRUIT CROP;1;A
115-7PC;27-abr;26-abr;B;9;UE;0793-002;PC;20;YAQUILO;FRUIT CROP;1;PC
115-8A;27-abr;26-abr;10;2;UE;0793-002;A;22;YAQUILO;FRUIT CROP;1;A
115-9VC;27-abr;26-abr;IQFG;4;UE;0793-002;VC;10;YAQUILO;FRUIT CROP;1;A
115-10VC;27-abr;26-abr;IQFG;5;UE;0793-002;VC;2;YAQUILO;FRUIT CROP;0;A
116-1A;27-abr;26-abr;9;1;NO UE;0290-004;A;7;CLAUDIA;A MARES;1;A
116-2VC;27-abr;26-abr;IQFG;4;USA;0290-004;VC;7;CLAUDIA;A MARES;1;A
116-3VC;27-abr;26-abr;PFCH;1;NO UE;0290-004;VC;9;CLAUDIA;A MARES;1;A
116-4V;27-abr;26-abr;IQFG;6;USA;0290-004;V;13;CLAUDIA;A MARES;0;A
116-5V;27-abr;26-abr;IQFG;7;NO UE;0290-004;V;15;CLAUDIA;A MARES;1;A
116-6VO;27-abr;26-abr;IQFG;8;USA;0290-004;VO;6;CLAUDIA;A MARES;1;A
116-7VO;27-abr;26-abr;IQFG;5;NO UE;0290-004;VO;5;CLAUDIA;A MARES;1;A
117-1P;27-abr;26-abr;A;11;USA;0290-004;P;2;CLAUDIA;A MARES;1;P
117-2VC;27-abr;26-abr;IQFG;4;NO UE;0290-004;VC;9;CLAUDIA;A MARES;1;A
117-3V;27-abr;26-abr;IQFG;6;NO UE;0290-004;V;28;CLAUDIA;A MARES;1;A
117-4VO;27-abr;26-abr;IQFG;8;USA;0290-004;VO;21;CLAUDIA;A MARES;1;A
117-5VC;27-abr;26-abr;PFCH;1;NO UE;0290-004;VC;11;CLAUDIA;A MARES;1;A
117-6VO;27-abr;26-abr;IQFG;5;NO UE;0290-004;VO;35;CLAUDIA;A MARES;1;A
117-7P;27-abr;26-abr;A;6;NO UE;0290-004;P;7;CLAUDIA;A MARES;0;A
117-8PC;27-abr;26-abr;A;5;NO UE;0290-004;PC;8;CLAUDIA;A MARES;1;A
117-9VO;27-abr;26-abr;PFCH;7;NO UE;0290-004;VO;18;CLAUDIA;A MARES;1;A
117-10VC;27-abr;26-abr;PFCH;2;NO UE;0290-004;VC;4;CLAUDIA;A MARES;1;A
118-1PC;28-abr;26-abr;A;4;NO UE;0669-002;PC;19;TAJAMAR;GREENPACK;1;A
118-2VC;28-abr;26-abr;IQFG;4;USA;0669-002;VC;12;TAJAMAR;GREENPACK;1;A
118-3VO;28-abr;26-abr;PFCH;6;NO UE;0669-002;VO;24;TAJAMAR;GREENPACK;1;A
118-4VO;28-abr;26-abr;PFCH;5;USA;0669-002;VO;24;TAJAMAR;GREENPACK;1;A
118-5V;28-abr;26-abr;IQFG;11;USA;0669-002;V;10;TAJAMAR;GREENPACK;1;A
118-6VC;28-abr;26-abr;PFCH;2;NO UE;0669-002;VC;16;TAJAMAR;GREENPACK;0;A
118-7VO;28-abr;26-abr;PFCH;3;NO UE;0669-002;VO;21;TAJAMAR;GREENPACK;1;A
118-8VO;28-abr;26-abr;PFCH;4;USA;0669-002;VO;9;TAJAMAR;GREENPACK;1;A
118-9VC;28-abr;26-abr;T1;2;NO UE;0669-002;VC;3;TAJAMAR;GREENPACK;1;A
118-10VO;28-abr;26-abr;T1;3;NO UE;0669-002;VO;5;TAJAMAR;GREENPACK;1;A
118-11VC;28-abr;26-abr;T1;1;USA;0669-002;VC;1;TAJAMAR;GREENPACK;1;A
119-2VC;28-abr;26-abr;T1;1;USA;0669-002;VC;4;TAJAMAR;GREENPACK;1;A
119-3V;28-abr;26-abr;11;5;NO UE;0669-002;V;7;TAJAMAR;GREENPACK;0;A
119-4VO;28-abr;26-abr;T1;3;USA;0669-002;VO;9;TAJAMAR;GREENPACK;1;A
119-5VC;28-abr;26-abr;T1;2;NO UE;0669-002;VC;3;TAJAMAR;GREENPACK;1;A
119-6V;28-abr;26-abr;T1;4;USA;0669-002;V;2;TAJAMAR;GREENPACK;0;A
119-7VO;28-abr;26-abr;T1;6;NO UE;0669-002;VO;4;TAJAMAR;GREENPACK;0;A
119-9VC;28-abr;26-abr;T1;2;NO UE;0669-002;VC;2;TAJAMAR;GREENPACK;1;A
119-10V;28-abr;26-abr;T1;4;USA;0669-002;V;3;TAJAMAR;GREENPACK;0;A
119-11VC;28-abr;26-abr;T1;2;NO UE;0669-002;VC;3;TAJAMAR;GREENPACK;1;A
119-12V;28-abr;26-abr;T1;5;NO UE;0669-002;V;1;TAJAMAR;GREENPACK;0;A
119-14A;28-abr;26-abr;9;4;NO UE;0669-002;A;6;TAJAMAR;GREENPACK;1;A
120-1A;28-abr;26-abr;B;9;USA;0419-001;A;13;EL MOLINO;GREYCO;1;A
120-2VC;28-abr;26-abr;T1;1;USA;0419-001;VC;9;EL MOLINO;GREYCO;0;A
120-3V;28-abr;26-abr;11;4;USA;0419-001;V;22;EL MOLINO;GREYCO;0;A
120-4VO;28-abr;26-abr;T1;3;USA;0419-001;VO;15;EL MOLINO;GREYCO;1;A
120-5VC;28-abr;26-abr;T1;2;NO UE;0419-001;VC;6;EL MOLINO;GREYCO;1;A
120-6V;28-abr;26-abr;11;5;NO UE;0419-001;V;10;EL MOLINO;GREYCO;0;A
120-7VO;28-abr;26-abr;11;6;NO UE;0419-001;VO;6;EL MOLINO;GREYCO;0;A
120-8VO;28-abr;26-abr;5;PASILLO;USA;0419-001;VO;3;EL MOLINO;GREYCO;0;A
121-1A;28-abr;28-abr;B;2;NO UE;0290-004;A;16;CLAUDIA;A MARES;1;A
121-2VC;28-abr;28-abr;9;4;NO UE;0290-004;VC;6;CLAUDIA;A MARES;1;A
121-3V;28-abr;28-abr;9;6;NO UE;0290-004;V;30;CLAUDIA;A MARES;1;A
121-4VO;28-abr;28-abr;9;6;NO UE;0290-004;VO;28;CLAUDIA;A MARES;1;A
121-5VC;28-abr;28-abr;T1;2;NO UE;0290-004;VC;9;CLAUDIA;A MARES;1;A
121-6V;28-abr;28-abr;11;5;NO UE;0290-004;V;6;CLAUDIA;A MARES;0;A
121-7VO;28-abr;28-abr;11;6;NO UE;0290-004;VO;24;CLAUDIA;A MARES;0;A
122-1A;28-abr;28-abr;C;9;NO UE;0290-004;A;25;CLAUDIA;A MARES;1;A
122-2P;28-abr;28-abr;9;2;NO UE;0290-004;P;20;CLAUDIA;A MARES;1;A
122-3V;28-abr;28-abr;9;1;NO UE;0290-004;V;30;CLAUDIA;A MARES;1;A
122-4VO;28-abr;28-abr;11;6;NO UE;0290-004;VO;17;CLAUDIA;A MARES;0;A
122-5VC;28-abr;28-abr;9;4;NO UE;0290-004;VC;25;CLAUDIA;A MARES;1;A
122-6VC;28-abr;28-abr;9;3;NO UE;0290-004;VC;15;CLAUDIA;A MARES;1;A
122-7V;28-abr;28-abr;11;5;NO UE;0290-004;V;4;CLAUDIA;A MARES;0;A
123-1A;29-abr;28-abr;A;8;NO UE;0669-002;A;13;TAJAMAR;GREENPACK;1;A
123-2VC;29-abr;28-abr;T1;3;USA;0669-002;VC;21;TAJAMAR;GREENPACK;1;A
123-3VC;29-abr;28-abr;T1;3;NO UE;0669-002;VC;13;TAJAMAR;GREENPACK;1;A
123-4V;29-abr;28-abr;T1;4;USA;0669-002;V;32;TAJAMAR;GREENPACK;0;A
123-5V;29-abr;28-abr;T1;5;NO UE;0669-002;V;30;TAJAMAR;GREENPACK;0;A
123-6VO;29-abr;28-abr;T1;1;USA;0669-002;VO;14;TAJAMAR;GREENPACK;0;A
123-7VO;29-abr;28-abr;T1;6;NO UE;0669-002;VO;9;TAJAMAR;GREENPACK;1;A
123-8VO;29-abr;28-abr;T1;2;NO UE;0669-002;VO;4;TAJAMAR;GREENPACK;0;A
124-1A;29-abr;28-abr;B;10;UE;0793-002;A;35;YAQUILO;FRUIT CROP;1;A
124-2P;29-abr;28-abr;B;5;UE;0793-002;P;27;YAQUILO;FRUIT CROP;1;A
124-3VC;29-abr;28-abr;11;3;UE;0793-002;VC;39;YAQUILO;FRUIT CROP;1;P
124-4V;29-abr;28-abr;3;1;UE;0793-002;V;7;YAQUILO;FRUIT CROP;1;A
124-5VC;29-abr;28-abr;3;4;UE;0793-002;VC;30;YAQUILO;FRUIT CROP;0;A
124-6A;29-abr;28-abr;B;11;UE;0793-002;A;36;YAQUILO;FRUIT CROP;1;A
124-7VC;29-abr;28-abr;3;2;UE;0793-002;VC;36;YAQUILO;FRUIT CROP;1;A
124-8VC;29-abr;28-abr;3;3;UE;0793-002;VC;17;YAQUILO;FRUIT CROP;1;A
124-9A;29-abr;28-abr;B;12;UE;0793-002;A;18;YAQUILO;FRUIT CROP;1;A
125-1A;29-abr;28-abr;B;7;NO UE;0419-002;A;16;EL MOLINO;GREYCO;1;A
125-2VC;29-abr;28-abr;3;3;USA;0419-002;VC;4;EL MOLINO;GREYCO;0;A
125-3VC;29-abr;28-abr;T2;2;NO UE;0419-002;VC;8;EL MOLINO;GREYCO;0;A
125-4V;29-abr;28-abr;3;1;USA;0419-002;V;16;EL MOLINO;GREYCO;0;A
125-5V;29-abr;28-abr;11;1;USA;0419-002;VO;14;EL MOLINO;GREYCO;0;A
125-6V;29-abr;28-abr;T2;1;NO UE;0419-002;V;26;EL MOLINO;GREYCO;0;A
125-7VO;29-abr;28-abr;11;2;NO UE;0419-002;VO;13;EL MOLINO;GREYCO;0;A
126-1A;29-abr;28-abr;A;12;NO UE;0669-002;A;4;TAJAMAR;GREENPACK;1;A
126-2VC;29-abr;28-abr;T1;3;USA;0669-002;VC;3;TAJAMAR;GREENPACK;0;A
126-3VC;29-abr;28-abr;T1;2;NO UE;0669-002;VC;3;TAJAMAR;GREENPACK;0;A
126-4V;29-abr;28-abr;T1;1;USA;0669-002;V;7;TAJAMAR;GREENPACK;0;A
126-5VO;29-abr;28-abr;T1;3;USA;0669-002;VO;10;TAJAMAR;GREENPACK;0;A
126-6V;29-abr;28-abr;T1;3;NO UE;0669-002;V;8;TAJAMAR;GREENPACK;1;A
126-7VO;29-abr;28-abr;T1;2;NO UE;0669-002;VO;11;TAJAMAR;GREENPACK;0;A
126-8VO;29-abr;28-abr;T1;1;USA;0669-002;VO;8;TAJAMAR;GREENPACK;0;A
127-1A;29-abr;28-abr;C;7;NO UE;0290-004;A;32;CLAUDIA;A MARES;1;A
127-2P;29-abr;28-abr;10;4;NO UE;0290-004;P;30;CLAUDIA;A MARES;1;A
127-3VC;29-abr;28-abr;10;5;NO UE;0290-004;VC;30;CLAUDIA;A MARES;1;A
127-4V;29-abr;28-abr;10;1;NO UE;0290-004;V;30;CLAUDIA;A MARES;1;A
127-5VO;29-abr;28-abr;11;2;NO UE;0290-004;VO;26;CLAUDIA;A MARES;0;A
127-6V;29-abr;28-abr;11;1;NO UE;0290-004;V;18;CLAUDIA;A MARES;0;A
127-7VC;29-abr;28-abr;10;3;NO UE;0290-004;VC;30;CLAUDIA;A MARES;1;A
127-8V;29-abr;28-abr;10;2;NO UE;0290-004;V;30;CLAUDIA;A MARES;1;A
127-9P;29-abr;28-abr;3;PASILLO;NO UE;0290-004;P;5;CLAUDIA;A MARES;0;A
127-10VC;29-abr;28-abr;T2;2;NO UE;0290-004;VC;10;CLAUDIA;A MARES;0;A
127-11A;29-abr;28-abr;A;11;NO UE;0290-004;A;3;CLAUDIA;A MARES;1;A
128-1A;30-abr;28-abr;A;11;NO UE;0669-002;A;6;TAJAMAR;GREENPACK;1;A
128-2VC;30-abr;28-abr;T1;3;USA;0669-002;VC;6;TAJAMAR;GREENPACK;0;A
128-3VC;30-abr;28-abr;T1;2;NO UE;0669-002;VC;5;TAJAMAR;GREENPACK;0;A
128-4V;30-abr;28-abr;T1;;USA;0669-002;V;11;TAJAMAR;GREENPACK;0;A
128-5V;30-abr;28-abr;T1;4;NO UE;0669-002;V;7;TAJAMAR;GREENPACK;0;A
128-6VO;30-abr;28-abr;T1;5;NO UE;0669-002;VO;11;TAJAMAR;GREENPACK;0;A
128-7VO;30-abr;28-abr;T1;3;USA;0669-002;VO;10;TAJAMAR;GREENPACK;0;A
129-1A;30-abr;29-abr;C;14;UE;0793-002;A;30;YAQUILO;FRUIT CROP;1;A
129-2P;30-abr;29-abr;C;15;UE;0793-002;P;12;YAQUILO;FRUIT CROP;1;A
129-3VC;30-abr;29-abr;IQF;1;UE;0793-002;VC;27;YAQUILO;FRUIT CROP;1;A
129-4V;30-abr;29-abr;9;2;UE;0793-002;V;2;YAQUILO;FRUIT CROP;0;A
129-5V;30-abr;29-abr;IQF;2;UE;0793-002;VC;20;YAQUILO;FRUIT CROP;1;V
129-6A;30-abr;29-abr;A;PASILLO;UE;0793-002;A;3;YAQUILO;FRUIT CROP;1;A
130-1A;30-abr;29-abr;B;10;UE;0793-003;A;21;YAQUILO;FRUIT CROP;1;A
130-2P;30-abr;29-abr;C;16;UE;0793-003;P;9;YAQUILO;FRUIT CROP;1;A
130-3VC;30-abr;29-abr;IQF;1;UE;0793-003;VC;12;YAQUILO;FRUIT CROP;1;A
130-4V;30-abr;29-abr;9;2;UE;0793-003;V;1;YAQUILO;FRUIT CROP;0;A
130-5VC;30-abr;29-abr;;;UE;0793-003;VC;11;YAQUILO;FRUIT CROP;1;VC
131-1A;30-abr;29-abr;B;12;UE;0793-003;A;24;YAQUILO;FRUIT CROP;1;A
131-2P;30-abr;29-abr;C;16;UE;0793-003;P;15;YAQUILO;FRUIT CROP;1;A
131-3VC;30-abr;29-abr;IQF;1;UE;0793-003;VC;9;YAQUILO;FRUIT CROP;1;A
131-4V;30-abr;29-abr;9;2;UE;0793-003;V;3;YAQUILO;FRUIT CROP;0;A
131-5VC;30-abr;29-abr;IQF;2;UE;0793-003;VC;7;YAQUILO;FRUIT CROP;1;A
131-6VC;30-abr;29-abr;IQF;11;UE;0793-003;VC;23;YAQUILO;FRUIT CROP;1;A
131-7VC;30-abr;29-abr;B;9;UE;0793-003;VC;16;YAQUILO;FRUIT CROP;0;A
131-8A;30-abr;29-abr;C;17;UE;0793-003;A;30;YAQUILO;FRUIT CROP;1;A
131-9P;30-abr;29-abr;IQF;3;UE;0793-003;P;8;YAQUILO;FRUIT CROP;1;A
132-1A;30-abr;29-abr;B;6;UE;0136-014;A;11;ANTAMAPU;VISION EMPRESARIAL DEL NOROESTE S.R.L;1;A
132-2A;30-abr;29-abr;B;9;NO UE;0136-014;A;6;ANTAMAPU;VISION EMPRESARIAL DEL NOROESTE S.R.L;1;A
132-3VC;30-abr;29-abr;IQF;11;UE;0136-014;VC;16;ANTAMAPU;VISION EMPRESARIAL DEL NOROESTE S.R.L;0;A
132-4VC;30-abr;29-abr;11;3;NO UE;0136-014;VC;13;ANTAMAPU;VISION EMPRESARIAL DEL NOROESTE S.R.L;0;A
132-5V;30-abr;29-abr;C;12;UE;0136-014;V;7;ANTAMAPU;VISION EMPRESARIAL DEL NOROESTE S.R.L;0;A
132-6V;30-abr;29-abr;C;11;UE;0136-014;V;5;ANTAMAPU;VISION EMPRESARIAL DEL NOROESTE S.R.L;1;A
132-7V;30-abr;29-abr;C;10;NO UE;0136-014;V;3;ANTAMAPU;VISION EMPRESARIAL DEL NOROESTE S.R.L;0;A
132-8A;30-abr;29-abr;IQF;11;UE;0136-014;A;1;ANTAMAPU;VISION EMPRESARIAL DEL NOROESTE S.R.L;0;A
133-1A;30-abr;29-abr;A;6;NO UE;0290-004;A;76;CLAUDIA;A MARES;1;A
133-2P;30-abr;29-abr;PFG;2;NO UE;0290-004;P;28;CLAUDIA;A MARES;1;A
133-3VC;30-abr;29-abr;PFG2;3;NO UE;0290-004;VC;29;CLAUDIA;A MARES;1;A
133-4V;30-abr;29-abr;PFG2;4;NO UE;0290-004;V;17;CLAUDIA;A MARES;1;A
133-5VO;30-abr;29-abr;PFG2;PASILLO;NO UE;0290-004;VO;4;CLAUDIA;A MARES;0;A
133-6VC;30-abr;29-abr;2;1;NO UE;0290-004;VC;27;CLAUDIA;A MARES;1;A
133-7P;30-abr;29-abr;PFG2;7;NO UE;0290-004;P;22;CLAUDIA;A MARES;1;A
134-1A;1-may;29-abr;A;11;NO UE;0669-002;A;5;TAJAMAR;GREENPACK;1;A
134-2P;1-may;29-abr;1;2;NO UE;0669-002;P;9;TAJAMAR;GREENPACK;1;A
134-3VC;1-may;29-abr;2;2;NO UE;0669-002;VC;17;TAJAMAR;GREENPACK;0;A
134-4V;1-may;29-abr;PFG2;4;NO UE;0669-002;V;12;TAJAMAR;GREENPACK;1;A
134-5VO;1-may;29-abr;1;1;NO UE;0669-002;VO;5;TAJAMAR;GREENPACK;0;A
134-6V;1-may;29-abr;1;5;NO UE;0669-002;V;3;TAJAMAR;GREENPACK;0;A
135-1A;1-may;29-abr;A;11;NO UE;0136-014;A;2;ANTAMAPU;FRUIT CROP;1;A
135-2P;1-may;29-abr;1;2;NO UE;0136-014;P;5;ANTAMAPU;FRUIT CROP;0;A
135-3VC;1-may;29-abr;2;2;NO UE;0136-014;VC;5;ANTAMAPU;FRUIT CROP;0;A
135-4V;1-may;29-abr;1;5;NO UE;0136-014;V;5;ANTAMAPU;FRUIT CROP;0;A
135-5V;1-may;29-abr;1;5;NO UE;0136-014;V;4;ANTAMAPU;FRUIT CROP;0;A
135-6VO;1-may;29-abr;1;1;NO UE;0136-014;VO;1;ANTAMAPU;FRUIT CROP;0;A
135-7VO;1-may;29-abr;1;1;NO UE;0136-014;VO;1;ANTAMAPU;FRUIT CROP;0;A
136-1A;1-may;29-abr;C;12;NO UE;0419-002;A;8;EL MOLINO;GREYCO;1;A
136-2VC;1-may;29-abr;PFG2;6;USA;0419-002;VC;15;EL MOLINO;GREYCO;0;A
136-3VC;1-may;29-abr;PFG2;8;NO UE;0419-002;VC;18;EL MOLINO;GREYCO;0;A
136-4V;1-may;29-abr;1;3;USA;0419-002;V;21;EL MOLINO;GREYCO;0;A
136-5V;1-may;29-abr;1;4;NO UE;0419-002;V;30;EL MOLINO;GREYCO;1;A
136-6V;1-may;29-abr;1;5;NO UE;0419-002;V;10;EL MOLINO;GREYCO;1;A
136-7VO;1-may;29-abr;1;1;NO UE;0419-002;VO;17;EL MOLINO;GREYCO;1;A
136-8V;1-may;29-abr;2;5;USA;0419-002;V;16;EL MOLINO;GREYCO;0;A
136-9A;1-may;29-abr;B;5;USA;0419-002;A;15;EL MOLINO;GREYCO;0;A
136-10V;1-may;29-abr;1;5;NO UE;0419-002;V;3;EL MOLINO;GREYCO;1;A
137-1A;1-may;30-abr;A;9;UE;0793-003;A;29;YAQUILO;FRUIT CROP;1;A
137-2P;1-may;30-abr;C;10;UE;0793-003;P;10;YAQUILO;FRUIT CROP;1;A
137-3VC;1-may;30-abr;;;UE;0793-003;VC;10;YAQUILO;FRUIT CROP;1;A
137-4V;1-may;30-abr;2;4;UE;0793-003;V;2;YAQUILO;FRUIT CROP;0;A
137-5VC;1-may;30-abr;;;UE;0793-003;VC;13;YAQUILO;FRUIT CROP;1;A
138-1A;1-may;30-abr;A;8;UE;0793-005;A;23;YAQUILO;FRUIT CROP;1;A
138-2P;1-may;30-abr;C;10;UE;0793-005;P;9;YAQUILO;FRUIT CROP;1;A
138-3VC;1-may;30-abr;2;2;UE;0793-005;VC;6;YAQUILO;FRUIT CROP;1;A
138-4V;1-may;30-abr;2;4;UE;0793-005;V;2;YAQUILO;FRUIT CROP;0;A
138-5VC;1-may;30-abr;2;3;UE;0793-005;VC;12;YAQUILO;FRUIT CROP;1;A
139-1A;2-may;30-abr;B;7;UE;0793-005;A;39;YAQUILO;FRUIT CROP;1;A
139-2P;2-may;30-abr;C;9;UE;0793-005;P;20;YAQUILO;FRUIT CROP;1;A
139-3VC;2-may;30-abr;IQFG;4;UE;0793-005;VC;32;YAQUILO;FRUIT CROP;1;A
139-4V;2-may;30-abr;IQFG;5;UE;0793-005;V;1;YAQUILO;FRUIT CROP;0;A
139-5A;2-may;30-abr;C;12;UE;0793-005;A;16;YAQUILO;FRUIT CROP;1;A
140-1A;2-may;30-abr;B;1;UE;0793-003;A;9;YAQUILO;FRUIT CROP;1;A
140-2P;2-may;30-abr;B;2;UE;0793-003;P;3;YAQUILO;FRUIT CROP;0;A
140-3VC;2-may;30-abr;IQFG;4;UE;0793-003;VC;3;YAQUILO;FRUIT CROP;1;A
141-1A;2-may;1-may;B;4;UE;0793-005;A;45;YAQUILO;FRUIT CROP;1;A
141-2P;2-may;1-may;B;2;UE;0793-005;P;46;YAQUILO;FRUIT CROP;0;A
141-3VC;2-may;1-may;IQFG;4;UE;0793-005;VC;5;YAQUILO;FRUIT CROP;1;A
141-4V;2-may;1-may;IQFG;5;UE;0793-005;V;3;YAQUILO;FRUIT CROP;0;A
141-5VC;2-may;1-may;IQFG;6;UE;0793-005;VC;41;YAQUILO;FRUIT CROP;1;A
141-6A;2-may;1-may;B;8;UE;0793-005;A;36;YAQUILO;FRUIT CROP;1;A
142-1A;3-may;30-abr;B;4;USA;0290-004;A;18;CLAUDIA;A MARES;1;A
142-2P;3-may;30-abr;IQFG;8;USA;0290-004;P;8;CLAUDIA;A MARES;0;A
142-3VC;3-may;30-abr;IQFG;7;USA;0290-004;VC;6;CLAUDIA;A MARES;0;A
142-4V;3-may;30-abr;IQFG;5;USA;0290-004;V;7;CLAUDIA;A MARES;0;A
142-6A;3-may;30-abr;A;11;NO UE;0290-004;A;2;CLAUDIA;A MARES;1;A
142-7VC;3-may;30-abr;IQFG;3;NO UE;0290-004;VC;3;CLAUDIA;A MARES;0;A
142-8V;3-may;30-abr;IQFG;5;NO UE;0290-004;V;2;CLAUDIA;A MARES;0;A
143-1A;3-may;30-abr;A;PASILLO;USA;0290-004;A;42;CLAUDIA;A MARES;1;A
143-2V;3-may;30-abr;IQFG;1;USA;0290-004;V;29;CLAUDIA;A MARES;0;A
143-3VO;3-may;30-abr;IQFG;12;USA;0290-004;VO;2;CLAUDIA;A MARES;0;A
143-4A;3-may;30-abr;B;1;NO UE;0290-004;A;53;CLAUDIA;A MARES;1;A
143-5VC;3-may;30-abr;IQFG;2;NO UE;0290-004;VC;14;CLAUDIA;A MARES;1;A
143-6V;3-may;30-abr;IQFG;9;NO UE;0290-004;V;1;CLAUDIA;A MARES;0;A
144-1A;3-may;30-abr;C;10;UE;0136-023;A;9;ANTAMAPU;FRUIT CROP;1;A
144-2A;3-may;30-abr;C;5;NO UE;0136-023;A;9;ANTAMAPU;FRUIT CROP;0;A
144-3V;3-may;30-abr;IQFG;1;UE;0136-023;V;5;ANTAMAPU;FRUIT CROP;0;A
144-4V;3-may;30-abr;IQFG;9;NO UE;0136-023;V;1;ANTAMAPU;FRUIT CROP;0;A
129-1A1;30-abr;29-abr;C;14;UE;0793-002;A;18;YAQUILO;FRUIT CROP;1;A
145-1A;3-may;30-abr;C;1;UE;0136-023;A;18;ANTAMAPU;FRUIT CROP;1;A
145-2A;3-may;30-abr;C;5;NO UE;0136-023;A;27;ANTAMAPU;FRUIT CROP;0;A
145-3V;3-may;30-abr;T1;3;UE;0136-023;V;29;ANTAMAPU;FRUIT CROP;0;A
145-4V;3-may;30-abr;T1;2;NO UE;0136-023;V;12;ANTAMAPU;FRUIT CROP;0;A
145-5A;3-may;30-abr;B;1;NO UE;0136-023;A;26;ANTAMAPU;FRUIT CROP;1;A
145-6A;3-may;30-abr;C;12;NO UE;0136-023;A;11;ANTAMAPU;FRUIT CROP;0;A
146-1A;4-may;30-abr;B;6;UE;0136-014;A;4;ANTAMAPU;FRUIT CROP;1;A
146-2A;4-may;30-abr;C;7;NO UE;0136-014;A;26;ANTAMAPU;FRUIT CROP;0;A
146-3V;4-may;30-abr;T1;1;UE;0136-014;V;5;ANTAMAPU;FRUIT CROP;0;P
146-4V;4-may;30-abr;T1;2;NO UE;0136-014;V;6;ANTAMAPU;FRUIT CROP;0;P
147-1A;4-may;3-may;B;2;USA;0290-004;A;6;CLAUDIA;A MARES;0;P
147-2VC;4-may;3-may;T2;2;USA;0290-004;VC;1;CLAUDIA;A MARES;0;A
147-3VC;4-may;3-may;T2;1;NO UE;0290-004;VC;7;CLAUDIA;A MARES;0;A
147-4V;4-may;3-may;T1;1;USA;0290-004;V;22;CLAUDIA;A MARES;0;P
147-5V;4-may;3-may;T1;2;NO UE;0290-004;V;13;CLAUDIA;A MARES;0;P
148-1A;4-may;3-may;B;11;USA;0290-004;A;20;CLAUDIA;A MARES;0;A
148-2A;4-may;3-may;B;10;NO UE;0290-004;A;29;CLAUDIA;A MARES;1;A
148-3V;4-may;3-may;9;3;NO UE;0290-004;V;30;CLAUDIA;A MARES;0;A
148-4V;4-may;3-may;9;4;USA;0290-004;V;30;CLAUDIA;A MARES;0;P
148-5A;4-may;3-may;C;9;USA;0290-004;A;6;CLAUDIA;A MARES;0;A
148-6V;4-may;3-may;IQFG;1;USA;0290-004;V;5;CLAUDIA;A MARES;0;P
148-7V;4-may;3-may;IQFG;9;NO UE;0290-004;V;34;CLAUDIA;A MARES;0;P
148-8V;4-may;3-may;IQFG;10;USA;0290-004;V;34;CLAUDIA;A MARES;0;P
149-1A;4-may;4-may;C;11;UE;0136-023;A;6;ANTAMAPU;FRUIT CROP;1;A
149-2A;4-may;4-may;C;10;NO UE;0136-023;A;12;ANTAMAPU;FRUIT CROP;0;A
149-3V;4-may;4-may;IQFG;1;UE;0136-023;V;19;ANTAMAPU;FRUIT CROP;0;P
149-4V;4-may;4-may;PFG2;1;NO UE;0136-023;V;14;ANTAMAPU;FRUIT CROP;0;A
150-1A;4-may;4-may;B;11;USA;0290-004;A;4;CLAUDIA;A MARES;0;A
150-2V;4-may;4-may;PFG2;2;USA;0290-004;V;12;CLAUDIA;A MARES;0;A
150-3A;4-may;4-may;B;10;NO UE;0290-004;A;4;CLAUDIA;A MARES;1;A
150-4V;4-may;4-may;PFG2;;NO UE;0290-004;V;11;CLAUDIA;A MARES;0;A
150-5A;4-may;4-may;C;9;USA;0290-004;A;1;CLAUDIA;A MARES;0;A
150-6V;4-may;4-may;PFG2;;USA;0290-004;V;1;CLAUDIA;A MARES;0;A
151-1A;4-may;4-may;B;11;USA;0290-004;A;15;CLAUDIA;A MARES;0;A
151-2V;4-may;4-may;PFG2;6;USA;0290-004;V;30;CLAUDIA;A MARES;0;A
151-3A;4-may;4-may;B;5;NO UE;0290-004;A;29;CLAUDIA;A MARES;1;A
151-5V;4-may;4-may;PFG2;7;NO UE;0290-004;V;30;CLAUDIA;A MARES;0;A
151-6A;4-may;4-may;B;11;USA;0290-004;A;7;CLAUDIA;A MARES;0;A
151-7V;4-may;4-may;PFG2;5;NO UE;0290-004;V;29;CLAUDIA;A MARES;0;A
151-8V;4-may;4-may;PFG2;2;USA;0290-004;V;10;CLAUDIA;A MARES;0;A
151-9V;4-may;4-may;T2;1;NO UE;0290-004;V;22;CLAUDIA;A MARES;0;A
151-10V;4-may;4-may;PFG2;3;USA;0290-004;V;30;CLAUDIA;A MARES;0;A
151-11A;4-may;4-may;A;12;USA;0290-004;A;4;CLAUDIA;A MARES;0;A
151-12V;4-may;4-may;T2;3;USA;0290-004;V;9;CLAUDIA;A MARES;0;P
152-1A;5-may;4-may;A;9;UE;0793-005;A;72;YAQUILO;FRUIT CROP;1;A
152-2P;5-may;4-may;B;3;UE;0793-005;P;36;YAQUILO;FRUIT CROP;1;A
152-3V;5-may;4-may;5;5;UE;0793-005;V;30;YAQUILO;FRUIT CROP;0;P
152-4V;5-may;4-may;5;4;UE;0793-005;V;19;YAQUILO;FRUIT CROP;0;A
152-5A;5-may;4-may;B;8;UE;0793-005;A;24;YAQUILO;FRUIT CROP;1;A
152-6P;5-may;4-may;B;2;UE;0793-005;P;2;YAQUILO;FRUIT CROP;1;A
139-1A1;2-may;30-abr;B;7;UE;0793-005;A;25;YAQUILO;FRUIT CROP;0;A
153-1A;5-may;4-may;B;9;USA;0419-002;A;5;EL MOLINO;GREYCO;0;A
153-2A;5-may;4-may;C;4;NO UE;0419-002;A;10;EL MOLINO;GREYCO;0;A
153-3V;5-may;4-may;T2;3;USA;0419-002;V;18;EL MOLINO;GREYCO;0;V
153-4V;5-may;4-may;IQFG;7;NO UE;0419-002;V;25;EL MOLINO;GREYCO;0;V
153-5A;5-may;4-may;PASILLO;;USA;0419-002;A;5;EL MOLINO;GREYCO;0;A
153-6V;5-may;4-may;T2;2;USA;0419-002;V;9;EL MOLINO;GREYCO;0;V
154-1A;5-may;4-may;B;7;UE;0136-022;A;16;ANTAMAPU;FRUIT CROP;1;A
154-2A;5-may;4-may;C;5;NO UE;0136-022;A;30;ANTAMAPU;FRUIT CROP;0;A
154-3V;5-may;4-may;3;1;UE;0136-022;V;25;ANTAMAPU;FRUIT CROP;0;V
154-4V;5-may;4-may;IQFG;7;NO UE;0136-022;V;16;ANTAMAPU;FRUIT CROP;0;V
155-1A;5-may;4-may;B;5;UE;0793-005;A;45;YAQUILO;FRUIT CROP;1;A
155-2P;5-may;4-may;3;2;UE;0793-005;P;26;YAQUILO;FRUIT CROP;0;P
155-3V;5-may;4-may;IQFG;8;UE;0793-005;V;33;YAQUILO;FRUIT CROP;0;V
155-4A;5-may;4-may;9;3;UE;0793-005;A;18;YAQUILO;FRUIT CROP;1;A
156-1A;5-may;5-may;C;8;USA;0290-004;A;23;CLAUDIA;A MARES;0;A
156-2V;5-may;5-may;5;7;USA;0290-004;V;29;CLAUDIA;A MARES;0;V
156-3A;5-may;5-may;B;9;NO UE;0290-004;A;31;CLAUDIA;A MARES;1;A
156-4V;5-may;5-may;5;8;NO UE;0290-004;V;30;CLAUDIA;A MARES;0;V
156-5A;5-may;5-may;A;12;USA;0290-004;A;10;CLAUDIA;A MARES;0;A
156-6V;5-may;5-may;3;4;USA;0290-004;V;13;CLAUDIA;A MARES;0;V
156-7V;5-may;5-may;T2;2;USA;0290-004;V;18;CLAUDIA;A MARES;0;V
156-8V;5-may;5-may;3;3;NO UE;0290-004;V;36;CLAUDIA;A MARES;0;V
156-9V;5-may;5-may;PFCH;1;USA;0290-004;V;16;CLAUDIA;A MARES;0;V
156-10V;5-may;5-may;PFCH;2;USA;0290-004;V;18;CLAUDIA;A MARES;0;V
156-11V;5-may;5-may;5;1;NO UE;0290-004;V;11;CLAUDIA;A MARES;0;V
156-12V;5-may;5-may;PFCH;3;USA;0290-004;V;11;CLAUDIA;A MARES;0;V
157-1A;6-may;5-may;C;3;USA;0419-002;A;7;EL MOLINO;GREYCO;0;A
157-2A;6-may;5-may;C;2;NO UE;0419-002;A;13;EL MOLINO;GREYCO;0;A
157-3V;6-may;5-may;PFCH;4;USA;0419-002;V;18;EL MOLINO;GREYCO;0;V
157-4V;6-may;5-may;IQFG;4;NO UE;0419-002;V;30;EL MOLINO;GREYCO;0;V
157-5V;6-may;5-may;IQFG;6;USA;0419-002;V;15;EL MOLINO;GREYCO;0;V
158-1A;6-may;5-may;A;12;UE;0136-021;A;3;ANTAMAPU;FRUIT CROP;1;A
158-2A;6-may;5-may;A;12;NO UE;0136-021;A;3;ANTAMAPU;FRUIT CROP;0;A
158-3V;6-may;5-may;IQFG;6;UE;0136-021;V;6;ANTAMAPU;FRUIT CROP;0;V
158-4V;6-may;5-may;IQFG;4;NO UE;0136-021;V;3;ANTAMAPU;FRUIT CROP;0;V
158-5A;6-may;5-may;A;1;NO UE;0136-021;A;2;ANTAMAPU;FRUIT CROP;0;A
158-6V;6-may;5-may;IQFG;2;UE;0136-021;V;2;ANTAMAPU;FRUIT CROP;0;V
159-1A;6-may;5-may;A;10;UE;0136-021;A;12;ANTAMAPU;FRUIT CROP;1;A
159-2A;6-may;5-may;PASILLO;;NO UE;0136-021;A;26;ANTAMAPU;FRUIT CROP;0;A
159-3V;6-may;5-may;IQFG;6;UE;0136-021;V;14;ANTAMAPU;FRUIT CROP;0;V
159-4V;6-may;5-may;IQFG;11;NO UE;0136-021;V;10;ANTAMAPU;FRUIT CROP;0;V
160-1A;6-may;5-may;A;4;UE;0136-018;A;7;ANTAMAPU;FRUIT CROP;1;A
160-2A;6-may;5-may;PASILLO;;NO UE;0136-018;A;18;ANTAMAPU;FRUIT CROP;0;A
160-3V;6-may;5-may;IQFG;12;UE;0136-018;V;12;ANTAMAPU;FRUIT CROP;0;V
160-4V;6-may;5-may;IQFG;11;NO UE;0136-018;V;13;ANTAMAPU;FRUIT CROP;0;V
161-1A;6-may;5-may;B;5;NO UE;0647-001;A;19;AVELLANEDA;A MARES;0;A
161-2VC;6-may;5-may;5;1;NO UE;0647-001;VC;13;AVELLANEDA;A MARES;0;VC
161-3V;6-may;5-may;IQFG;11;NO UE;0647-001;V;15;AVELLANEDA;A MARES;0;V
161-4VO;6-may;5-may;3;4;NO UE;0647-001;VO;4;AVELLANEDA;A MARES;0;VO
161-5V;6-may;5-may;IQFG;2;NO UE;0647-001;V;17;AVELLANEDA;A MARES;0;V
162-1A;6-may;5-may;B;3;UE;0793-006;A;42;YAQUILO;FRUIT CROP;1;A
162-2P;6-may;5-may;5;2;UE;0793-006;P;29;YAQUILO;FRUIT CROP;0;P
162-3V;6-may;5-may;IQFG;12;UE;0793-006;V;18;YAQUILO;FRUIT CROP;0;V
162-4P;6-may;5-may;5;3;UE;0793-006;P;30;YAQUILO;FRUIT CROP;0;P
162-5A;6-may;5-may;9;6;UE;0793-006;A;36;YAQUILO;FRUIT CROP;1;A
162-6P;6-may;5-may;5;9;UE;0793-006;P;12;YAQUILO;FRUIT CROP;0;P
162-7A;6-may;5-may;9;1;UE;0793-006;A;18;YAQUILO;FRUIT CROP;1;A
163-1A;6-may;5-may;A;9;UE;0793-008;A;8;YAQUILO;FRUIT CROP;0;A
163-2P;6-may;5-may;5;9;UE;0793-008;P;5;YAQUILO;FRUIT CROP;0;P
163-3V;6-may;5-may;IQFG;12;UE;0793-008;V;1;YAQUILO;FRUIT CROP;0;V
164-1A;6-may;5-may;A;1;UE;0793-005;A;31;YAQUILO;FRUIT CROP;1;A
164-2P;6-may;5-may;IQFG;2;UE;0793-005;P;12;YAQUILO;FRUIT CROP;0;P
164-3V;6-may;5-may;5;10;UE;0793-005;V;12;YAQUILO;FRUIT CROP;0;V
165-1A;6-may;5-may;A;9;UE;0793-008;A;19;YAQUILO;FRUIT CROP;0;A
165-2P;6-may;5-may;IQFG;2;UE;0793-008;P;11;YAQUILO;FRUIT CROP;0;P
165-3V;6-may;5-may;5;10;UE;0793-008;V;7;YAQUILO;FRUIT CROP;0;V
166-1A;6-may;5-may;A;4;UE;0136-018;A;9;ANTAMAPU;FRUIT CROP;1;A
166-2A;6-may;5-may;9;2;NO UE;0136-018;A;13;ANTAMAPU;FRUIT CROP;0;A
166-3V;6-may;5-may;2;1;UE;0136-018;V;12;ANTAMAPU;FRUIT CROP;0;V
166-4V;6-may;5-may;2;4;NO UE;0136-018;V;7;ANTAMAPU;FRUIT CROP;0;V
167-1A;6-may;5-may;A;8;UE;0136-017;A;18;ANTAMAPU;FRUIT CROP;1;A
167-2A;6-may;5-may;B;2;NO UE;0136-017;A;30;ANTAMAPU;FRUIT CROP;0;A
167-3V;6-may;5-may;10;5;UE;0136-017;V;30;ANTAMAPU;FRUIT CROP;0;V
167-4V;6-may;5-may;10;1;NO UE;0136-017;V;17;ANTAMAPU;FRUIT CROP;0;V
168-1A;7-may;5-may;C;10;USA;0290-004;A;5;CLAUDIA;A MARES;0;A
168-2A;7-may;5-may;C;9;USA;0290-004;A;15;CLAUDIA;A MARES;0;A
168-3V;7-may;5-may;10;4;USA;0290-004;V;32;CLAUDIA;A MARES;0;V
168-4V;7-may;5-may;2;1;USA;0290-004;V;9;CLAUDIA;A MARES;0;V
123-3VC1;29-abr;28-abr;T1;3;NO UE;0669-002;VC;2;TAJAMAR;GREENPACK;0;A
111-4V1;26-abr;25-abr;PFG2;8;USA;0419-001;V;2;EL MOLINO;GREYCO;0;A
169-1A;7-may;6-may;B;4;USA;0290-004;A;23;CLAUDIA;A MARES;0;A
169-2V;7-may;6-may;10;2;USA;0290-004;V;30;CLAUDIA;A MARES;0;V
170-1A;7-may;6-may;A;9;UE;0793-008;A;40;YAQUILO;FRUIT CROP;0;A
170-2P;7-may;6-may;B;3;UE;0793-008;P;22;YAQUILO;FRUIT CROP;0;P
170-3V;7-may;6-may;10;3;UE;0793-008;V;23;YAQUILO;FRUIT CROP;0;V
170-4A;7-may;6-may;9;3;UE;0793-008;A;27;YAQUILO;FRUIT CROP;0;A
171-1A;7-may;6-may;A;3;UE;0793-005;A;33;YAQUILO;FRUIT CROP;1;A
171-2P;7-may;6-may;B;8;UE;0793-005;P;14;YAQUILO;FRUIT CROP;1;P
171-3V;7-may;6-may;10;3;UE;0793-005;V;7;YAQUILO;FRUIT CROP;0;V
171-4V;7-may;6-may;10;1;UE;0793-005;V;6;YAQUILO;FRUIT CROP;0;V
172-1A;7-may;6-may;A;6;USA;0793-007;A;32;YAQUILO;FRUIT CROP;0;A
172-2P;7-may;6-may;9;6;USA;0793-007;P;15;YAQUILO;FRUIT CROP;0;P
172-3V;7-may;6-may;10;1;USA;0793-007;V;5;YAQUILO;FRUIT CROP;0;V
173-1A;7-may;6-may;9;1;USA;0647-001;A;9;AVELLANEDA;A MARES;0;A
173-2A;7-may;6-may;B;5;NO UE;0647-001;A;6;AVELLANEDA;A MARES;0;A
173-3V;7-may;6-may;2;2;USA;0647-001;V;12;AVELLANEDA;A MARES;0;V
173-4VO;7-may;6-may;2;5;USA;0647-001;VO;2;AVELLANEDA;A MARES;0;VO
173-5V;7-may;6-may;2;4;NO UE;0647-001;V;14;AVELLANEDA;A MARES;0;V
174-1A;7-may;6-may;9;1;USA;0647-002;A;9;AVELLANEDA;A MARES;0;A
174-2A;7-may;6-may;B;9;NO UE;0647-002;A;9;AVELLANEDA;A MARES;0;A
174-3V;7-may;6-may;2;3;NO UE;0647-002;V;24;AVELLANEDA;A MARES;0;V
174-4V;7-may;6-may;2;2;USA;0647-002;V;12;AVELLANEDA;A MARES;0;V
174-5V;7-may;6-may;2;5;USA;0647-002;V;3;AVELLANEDA;A MARES;0;V
174-6V;7-may;6-may;1;5;NO UE;0647-002;V;3;AVELLANEDA;A MARES;0;V
175-1A;7-may;6-may;A;12;USA;0647-001;A;2;AVELLANEDA;A MARES;0;A
175-2A;7-may;6-may;B;9;NO UE;0647-001;A;3;AVELLANEDA;A MARES;0;A
175-3V;7-may;6-may;2;4;NO UE;0647-001;V;8;AVELLANEDA;A MARES;0;V
175-4V;7-may;6-may;2;5;NO UE;0647-001;V;2;AVELLANEDA;A MARES;0;V
176-1A;7-may;6-may;A;9;UE;0136-017;A;3;ANTAMAPU;FRUIT CROP;0;A
176-2A;7-may;6-may;B;6;NO UE;0136-017;A;12;ANTAMAPU;FRUIT CROP;0;A
176-3V;7-may;6-may;1;1;UE;0136-017;V;9;ANTAMAPU;FRUIT CROP;0;V
176-4V;7-may;6-may;1;2;NO UE;0136-017;V;6;ANTAMAPU;FRUIT CROP;0;V
176-5V;7-may;6-may;1;4;NO UE;0136-017;V;3;ANTAMAPU;FRUIT CROP;0;V
177-1A;8-may;6-may;A;12;UE;0136-019;A;6;ANTAMAPU;FRUIT CROP;0;A
177-2A;8-may;6-may;B;6;NO UE;0136-019;A;24;ANTAMAPU;FRUIT CROP;0;A
177-3V;8-may;6-may;1;1;UE;0136-019;V;9;ANTAMAPU;FRUIT CROP;0;V
177-4V;8-may;6-may;1;2;NO UE;0136-019;V;13;ANTAMAPU;FRUIT CROP;0;V
178-1A;8-may;6-may;A;4;UE;0793-005;A;20;YAQUILO;FRUIT CROP;1;A
178-2P;8-may;6-may;PFG2;4;UE;0793-005;P;14;YAQUILO;FRUIT CROP;0;P
178-3V;8-may;6-may;1;4;UE;0793-005;V;2;YAQUILO;FRUIT CROP;0;V
179-1A;8-may;6-may;B;1;USA;0419-002;A;8;EL MOLINO;GREYCO;0;A
179-2A;8-may;6-may;A;12;NO UE;0419-002;A;5;EL MOLINO;GREYCO;0;A
179-3V;8-may;6-may;PFG2;9;USA;0419-002;V;9;EL MOLINO;GREYCO;0;V
179-4V;8-may;6-may;PFG2;8;NO UE;0419-002;V;6;EL MOLINO;GREYCO;0;V
