CODIGO;TURNO;FECHA;FECHA DE COSECHA;DESTINO;UP;COLOR;CANTIDAD;PRODUTOR;FINCA;UNNAMED: 10;KG;UNNAMED: 12;UNNAMED: 13;UNNAMED: 14;UNNAMED: 15;YAQUILO;UNNAMED: 17;UNNAMED: 18;UNNAMED: 19;UNNAMED: 20;UNNAMED: 21
1-5V;1.0;2026-03-25;2026-03-16;NO UE;0290-003;A;29.0;Agricola Mares SA ;Claudia;;10730.0;;;;53-3V;El Trece;Yaquilo;1.0;A;UE;
1-2V;1.0;2026-03-25;2026-03-16;NO UE;0290-003;A;40.0;Agricola Mares SA ;Claudia;;;;;;53-5VO;El 20;El Trece;2.0;PC;USA;
1-7V;1.0;2026-03-25;2026-03-16;NO UE;0290-003;A;20.0;Agricola Mares SA ;Claudia;;;;;;54-11P;El Tata;El 20;;PC;NO UE;
1-1V;1.0;2026-03-25;2026-03-16;NO UE;0290-003;A;30.0;Agricola Mares SA ;Claudia;;;;;;56-7VO;Limonares;El Tata;;VC;;
3-2V;1.0;2026-03-25;2026-03-17;NO UE;0290-003;A;5.0;Agricola Mares SA ;Claudia;;;;;;59-1VC;Los Chicos;Limonares;;V;;
1-9P;1.0;2026-03-25;2026-03-16;NO UE;0290-003;A;10.0;Agricola Mares SA ;Claudia;;;;;;59-2V;Antamapu;Los Chicos;;VO;;
1-3P;1.0;2026-03-25;2026-03-16;NO UE;0290-003;A;29.0;Agricola Mares SA ;Claudia;;;;;;59-3VO;Claudia;Antamapu;;;;Agricola Mares
1-4V;1.0;2026-03-26;2026-03-16;NO UE;0290-003;A;34.0;Agricola Mares SA ;Claudia;;;;;;60-2V;Avellaneda;Claudia;;;;Fruit Crop
3-3V;1.0;2026-03-26;2026-03-17;NO UE;0290-003;A;30.0;Agricola Mares SA ;Claudia;;;;;;60-3V;Maria del Rosario;Avellaneda;;;;Greyco
3-1P;1.0;2026-03-26;2026-03-17;NO UE;0290-003;A;17.0;Agricola Mares SA ;Claudia;;;;;;60-4VO;Monte Grande;Maria del Rosario;;;;Greenpack
3-12V;1.0;2026-03-26;2026-03-17;NO UE;0290-003;A;12.0;Agricola Mares SA ;Claudia;;;;;;60-5V;Tajamar;Monte Grande;;;;
3-6VC;1.0;2026-03-26;2026-03-17;NO UE;0290-003;A;30.0;Agricola Mares SA ;Claudia;;;;;;60-6VO;El Molino;Tajamar;;;;
1-6VO;1.0;2026-03-26;2026-03-16;NO UE;0290-003;A;32.0;Agricola Mares SA ;Claudia;;;;;;60-7VC;La Luz;El Molino;;;;
3-10V;1.0;2026-03-26;2026-03-17;NO UE;0290-003;A;25.0;Agricola Mares SA ;Claudia;;;;;;60-8V;El Molino;La Luz;;;;
3-9P;1.0;2026-03-26;2026-03-17;NO UE;0290-003;A;4.0;Agricola Mares SA ;Claudia;;;;;;61-1VC;La Luz;;;;;
3-13VO;1.0;2026-03-26;2026-03-17;NO UE;0290-003;A;13.0;Agricola Mares SA ;Claudia;;;;;;61-2V;;;;;;
3-7V;1.0;2026-03-26;2026-03-17;NO UE;0290-003;A;30.0;Agricola Mares SA ;Claudia;;;;;;61-3V;;;;;;
3-11V;1.0;2026-03-26;2026-03-17;NO UE;0290-003;A;7.0;Agricola Mares SA ;Claudia;;;;;;61-4VO;;;;;;
3-5V;1.0;2026-03-26;2026-03-17;NO UE;0290-003;A;30.0;Agricola Mares SA ;Claudia;;;;;;61-5V;;;;;;
3-4V;1.0;2026-03-27;2026-03-17;NO UE;0290-003;A;33.0;Agricola Mares SA ;Claudia;;;;;;61-6VO;;;;;;
3-8VO;1.0;2026-03-27;2026-03-17;NO UE;0290-003;A;31.0;Agricola Mares SA ;Claudia;;;;;;62-7VO;;;;;;
4-7VO;1.0;2026-03-27;2026-03-17;NO UE;0419-006;A;15.0;Greyco SRL;El Molino;;;;;;62-9VC;;;;;;
4-5VC;1.0;2026-03-27;2026-03-17;NO UE;0419-006;A;15.0;Greyco SRL;El Molino;;;;;;62-10V;;;;;;
4-1P;1.0;2026-03-27;2026-03-17;NO UE;0419-006;A;3.0;Greyco SRL;El Molino;;;;;;62-11VO;;;;;;
4-2VC;1.0;2026-03-27;2026-03-17;NO UE;0419-006;A;15.0;Greyco SRL;El Molino;;;;;;62-12VC;;;;;;
4-6V;1.0;2026-03-27;2026-03-17;NO UE;0419-006;A;10.0;Greyco SRL;El Molino;;;;;;63-1P;;;;;;
4-3V;1.0;2026-03-27;2026-03-17;NO UE;0419-006;A;21.0;Greyco SRL;El Molino;;;;;;63-2VC;;;;;;
4-4VO;1.0;2026-03-27;2026-03-17;NO UE;0419-006;A;18.0;Greyco SRL;El Molino;;;;;;54-4P;;;;;;
5-1P;1.0;2026-03-27;2026-03-17;NO UE;0136-001;A;8.0;Vision Empresarial del noroeste S.R.L;Antamapu;;;;;;63-4VO;;;;;;
2-2V;1.0;2026-03-27;2026-03-16;NO UE;0136-001;A;22.0;Vision Empresarial del noroeste S.R.L;Antamapu;;;;;;64-1PC;;;;;;
2-3V;1.0;2026-03-27;2026-03-16;NO UE;0136-001;A;9.0;Vision Empresarial del noroeste S.R.L;Antamapu;;;;;;64-2P;;;;;;
2-1P;1.0;2026-03-27;2026-03-16;NO UE;0136-001;A;9.0;Vision Empresarial del noroeste S.R.L;Antamapu;;;;;;64-3V;;;;;;
5-4VO;1.0;2026-03-27;2026-03-17;NO UE;0136-001;A;2.0;Vision Empresarial del noroeste S.R.L;Antamapu;;;;;;64-4VO;;;;;;
5-2VC;1.0;2026-03-27;2026-03-17;NO UE;0136-001;A;24.0;Vision Empresarial del noroeste S.R.L;Antamapu;;;;;;64-5V;;;;;;
5-3V;1.0;2026-03-27;2026-03-17;NO UE;0136-001;A;9.0;Vision Empresarial del noroeste S.R.L;Antamapu;;;;;47730.0;64-6V;;;;;;
8-4P;1.0;2026-03-27;2026-03-20;NO UE;0136-001;A;8.0;Vision Empresarial del noroeste S.R.L;Antamapu;;;;;;64-7V;;;;;;
2-5V;1.0;2026-03-27;2026-03-16;NO UE;0136-001;A;11.0;Vision Empresarial del noroeste S.R.L;Antamapu;;;;;;64-8VO;;;;;;
8-1VC;1.0;2026-03-27;2026-03-20;NO UE;0136-001;A;27.0;Vision Empresarial del noroeste S.R.L;Antamapu;;;;;;64-9V;;;;;;
8-2V;1.0;2026-03-27;2026-03-20;NO UE;0290-003;A;30.0;Agricola Mares SA ;Claudia;;;;;;65-1VC;;;;;;
6-10V;1.0;2026-03-27;2026-03-20;NO UE;0290-003;A;30.0;Agricola Mares SA ;Claudia;;;;;;65-2V;;;;;;
6-12VC;1.0;2026-03-27;2026-03-20;NO UE;0290-003;A;12.0;Agricola Mares SA ;Claudia;;;;;;65-3V;;;;;;
7-1VC;1.0;2026-03-27;2026-03-20;NO UE;0290-003;A;17.0;Agricola Mares SA ;Claudia;;;;;;65-4VO;;;;;;
6-5V;1.0;2026-03-27;2026-03-20;NO UE;0290-003;A;30.0;Agricola Mares SA ;Claudia;;;;;;66-4V;;;;;;
1-8VO;1.0;2026-03-28;2026-03-16;NO UE;0290-003;A;15.0;Agricola Mares SA ;Claudia;;;;;;67-2VC;;;;;;
10-4V;1.0;2026-03-28;2026-03-21;NO UE;0290-003;A;9.0;Agricola Mares SA ;Claudia;;;;;;67-4V;;;;;;
6-13V;1.0;2026-03-28;2026-03-20;NO UE;0290-003;A;9.0;Agricola Mares SA ;Claudia;;;;;;67-5VO;;;;;;
6-11VO;1.0;2026-03-28;2026-03-20;NO UE;0290-003;A;18.0;Agricola Mares SA ;Claudia;;;;;;68-2VC;;;;;;
10-1VC;1.0;2026-03-28;2026-03-21;NO UE;0290-003;A;12.0;Agricola Mares SA ;Claudia;;;;;;68-3V;;;;;;
6-8V;1.0;2026-03-28;2026-03-20;NO UE;0290-003;A;27.0;Agricola Mares SA ;Claudia;;;;;;68-4V;;;;;;
12-2V;1.0;2026-03-28;2026-03-21;NO UE;0290-003;A;21.0;Agricola Mares SA ;Claudia;;;;;;68-5VO;;;;;;
6-9VC;1.0;2026-03-28;2026-03-20;NO UE;0290-003;A;30.0;Agricola Mares SA ;Claudia;;;;;;69-2VC;;;;;;
6-6VC;1.0;2026-03-28;2026-03-20;NO UE;0290-003;A;30.0;Agricola Mares SA ;Claudia;;;;;;69-4V;;;;;;
7-2V;1.0;2026-03-28;2026-03-20;NO UE;0290-003;A;15.0;Agricola Mares SA ;Claudia;;;;;;69-5VO;;;;;;
2-4VO;1.0;2026-03-28;2026-03-16;NO UE;0136-001;A;12.0;Vision Empresarial del noroeste S.R.L;Antamapu;;;;;;70-1VC;;;;;;
8-5VC;1.0;2026-03-28;2026-03-20;NO UE;0136-001;A;26.0;Vision Empresarial del noroeste S.R.L;Antamapu;;;;;;70-2V;;;;;;
9-2VC;1.0;2026-03-28;2026-03-20;NO UE;0419-006;A;17.0;Greyco SRL;El Molino;;;;;;70-3V;;;;;;
6-4VO;1.0;2026-03-28;2026-03-20;NO UE;0290-003;A;29.0;Agricola Mares SA ;Claudia;;;;;;70-4VO;;;;;;
17-1VC;1.0;;;;;;;;;;;;;;71-2VC;;;;;;
12-1VC;1.0;;;;;;;;;;;;;;71-3V;;;;;;
13-3VO;1.0;;;;;;;;;;;;;;71-4V;;;;;;
6-3V;1.0;2026-03-30;2026-03-20;NO UE;0290-003;A;28.0;Agricola Mares SA ;Claudia;;;;;;71-5VO;;;;;;
17-1V;1.0;2026-03-30;2026-03-20;NO UE;0290-003;A;38.0;Agricola Mares SA ;Claudia;;;;;;72-2VC;;;;;;
6-2VC;1.0;2026-03-30;2026-03-20;NO UE;0290-003;A;30.0;Agricola Mares SA ;Claudia;;;;;;72-3V;;;;;;
13-9V;1.0;2026-03-30;2026-03-24;NO UE;0290-003;A;27.0;Agricola Mares SA ;Claudia;;;;;;72-4VO;;;;;;
11-3VO;1.0;2026-03-30;2026-03-21;NO UE;0268-001;A;30.0;Greyco SRL;La Luz;;;;;;72-5V;;;;;;
13-6V;1.0;2026-03-30;2026-03-24;NO UE;0290-003;A;36.0;Agricola Mares SA ;Claudia;;;;;;73-4V;;;;;;
11-1VC;1.0;2026-03-30;2026-03-21;NO UE;0268-001;A;10.0;Greyco SRL;La Luz;;;;;;73-6V;;;;;;
13-8VC;1.0;2026-03-30;2026-03-24;NO UE;0290-003;A;11.0;Agricola Mares SA ;Claudia;;;;;;73-7VC;;;;;;
17-6V;1.0;2026-03-30;2026-03-25;NO UE;0290-003;A;2.0;Agricola Mares SA ;Claudia;;;;;;74-2V;;;;;;
16-1VC;1.0;2026-03-30;2026-03-24;NO UE;0290-003;A;9.0;Agricola Mares SA ;Claudia;;;;;;74-3VO;;;;;;
14-1VC;1.0;2026-03-30;2026-03-24;NO UE;0290-003;A;18.0;Agricola Mares SA ;Claudia;;;;;;75-1VC;;;;;;
10-2V;1.0;2026-03-30;2026-03-21;NO UE;0290-003;A;28.0;Agricola Mares SA ;Claudia;;;;;;75-2V;;;;;;
6-7VO;1.0;2026-03-30;2026-03-20;NO UE;0290-003;A;30.0;Agricola Mares SA ;Claudia;;;;;;75-3VO;;;;;;
7-3VO;1.0;2026-03-30;2026-03-20;NO UE;0290-003;A;16.0;Agricola Mares SA ;Claudia;;;;;;75-4V;;;;;;
12-1V;1.0;2026-03-30;2026-03-21;NO UE;0290-003;A;18.0;Agricola Mares SA ;Claudia;;;;;;76-1VC;;;;;;
12-3VO;1.0;2026-03-30;2026-03-21;NO UE;0290-003;A;12.0;Agricola Mares SA ;Claudia;;;;;;76-2V;;;;;;
9-6V;1.0;2026-03-30;2026-03-20;NO UE;0419-006;A;2.0;Greyco SRL;El Molino;;;;;;76-3VO;;;;;;
9-4VO;1.0;2026-03-30;2026-03-20;NO UE;0419-006;A;21.0;Greyco SRL;El Molino;;;;;;77-1VC;;;;;;
9-3V;1.0;2026-03-30;2026-03-20;NO UE;0419-006;A;30.0;Greyco SRL;El Molino;;;;;;77-2V;;;;;;
13-2V;1.0;2026-03-31;2026-03-24;NO UE;0290-003;A;29.0;Agricola Mares SA ;Claudia;;;;;;77-3VO;;;;;;
14-2V;1.0;2026-03-31;2026-03-24;NO UE;0290-003;A;30.0;Agricola Mares SA ;Claudia;;;;;;77-4P;;;;;;
13-7VO;1.0;2026-03-31;2026-03-24;NO UE;0290-003;A;30.0;Agricola Mares SA ;Claudia;;;;;;77-5V;;;;;;
13-5VO;1.0;2026-03-31;2026-03-24;NO UE;0290-003;A;41.0;Agricola Mares SA ;Claudia;;;;;;77-6V;;;;;;
14-4VO;1.0;2026-03-31;2026-03-24;NO UE;0290-003;A;27.0;Agricola Mares SA ;Claudia;;;;;;78-1V;;;;;;
13-3V0;1.0;2026-03-31;2026-03-24;NO UE;0290-003;A;33.0;Agricola Mares SA ;Claudia;;;;;;78-2V;;;;;;
13-4V;1.0;2026-03-31;2026-03-24;NO UE;0290-003;A;16.0;Agricola Mares SA ;Claudia;;;;;;78-3VO;;;;;;
11-2V;1.0;2026-04-01;2026-03-21;NO UE;0268-001;A;31.0;Greyco SRL;La Luz;;;;;;78-4V;;;;;;
9-5VO;1.0;2026-04-01;2026-03-20;NO UE;0419-006;A;19.0;Greyco SRL;El Molino;;;;;;78-5V;;;;;;
10-3VO;1.0;2026-04-01;2026-03-21;NO UE;0290-003;A;10.0;Agricola Mares SA ;Claudia;;;;;;79-1VC;;;;;;
17-5VO;1.0;2026-04-01;2026-04-25;NO UE;0290-003;A;14.0;Agricola Mares SA ;Claudia;;;;;;79-2V;;;;;;
17-3VO;1.0;2026-04-01;2026-04-25;NO UE;0290-003;A;36.0;Agricola Mares SA ;Claudia;;;;;;79-3VO;;;;;;
13-10VO;1.0;2026-04-01;2026-04-24;NO UE;0290-003;A;20.0;Agricola Mares SA ;Claudia;;;;;;79-4A;;;;;;
17-4V;1.0;2026-04-01;2026-03-25;NO UE;0290-003;A;27.0;Agricola Mares SA ;Claudia;;;;;;80-1A;;;;;;
13-4V1;1.0;2026-04-01;2026-03-24;NO UE;0290-003;A;14.0;Agricola Mares SA ;Claudia;;;;;;80-2VC;;;;;;
13-1VC;1.0;2026-04-01;2026-03-24;NO UE;0290-003;A;30.0;Agricola Mares SA ;Claudia;;;;;;80-3V;;;;;;
16-2V;1.0;2026-04-01;2026-03-24;NO UE;0290-003;A;22.0;Agricola Mares SA ;Claudia;;;;;;80-4VO;;;;;;
14-6vo;1.0;2026-04-01;2026-03-24;NO UE;0290-003;A;11.0;Agricola Mares SA ;Claudia;;;;;;80-5P;;;;;;
14-3vo;1.0;2026-04-01;2026-03-24;NO UE;0290-003;A;22.0;Agricola Mares SA ;Claudia;;;;;;80-6V;;;;;;
17-2V;1.0;2026-04-01;2026-03-24;NO UE;0290-003;A;38.0;Agricola Mares SA ;Claudia;;;;;;80-7VO;;;;;;
14-5V;1.0;2026-04-01;2026-03-24;NO UE;0290-003;A;26.0;Agricola Mares SA ;Claudia;;;;;;80-8VO;;;;;;
15-5VC;1.0;2026-04-02;2026-03-24;NO UE;0136-001;A;2.0;Vision Empresarial del noroeste S.R.L;Antamapu;;;;;;80-10VO;;;;;;
8-3VO;1.0;2026-04-02;2026-03-20;NO UE;0136-001;A;7.0;Vision Empresarial del noroeste S.R.L;Antamapu;;;;;;80-11VC;;;;;;
15-2VC;1.0;2026-04-02;2026-03-24;NO UE;0136-001;A;11.0;Vision Empresarial del noroeste S.R.L;Antamapu;;;;;;80-12P;;;;;;
18-4V;1.0;2026-04-02;2026-03-25;NO UE;0136-001;A;28.0;Vision Empresarial del noroeste S.R.L;Antamapu;;;;;;81-1A;;;;;;
15-4VO;1.0;2026-04-02;2026-03-24;NO UE;0136-001;A;15.0;Vision Empresarial del noroeste S.R.L;Antamapu;;;;;;81-2VC;;;;;;
15-3V;1.0;2026-04-02;2026-03-24;NO UE;0136-001;A;29.0;Vision Empresarial del noroeste S.R.L;Antamapu;;;;;;81-2VC;;;;;;
15-8V;1.0;2026-04-02;2026-03-24;NO UE;0136-001;A;5.0;Vision Empresarial del noroeste S.R.L;Antamapu;;;;;;81-3V;;;;;;
15-1P;1.0;2026-04-02;2026-03-24;NO UE;0136-001;A;26.0;Vision Empresarial del noroeste S.R.L;Antamapu;;;;;;81-3V;;;;;;
15-7VC;1.0;2026-04-02;2026-03-24;NO UE;0136-001;A;36.0;Vision Empresarial del noroeste S.R.L;Antamapu;;;;;;81-4VO;;;;;;
18-1VC;1.0;2026-04-02;2026-03-25;NO UE;0136-001;A;36.0;Vision Empresarial del noroeste S.R.L;Antamapu;;;;;;81-4VO;;;;;;
11-4VO;1.0;2026-04-02;2026-03-21;NO UE;268-001;A;7.0;Greyco SRL;La Luz;;;;;;82-3VC;;;;;;
15-6VC;1.0;2026-04-04;2026-03-24;NO UE;0136-001;A;30.0;Vision Empresarial del noroeste S.R.L;Antamapu;;;;;;82-4V;;;;;;
18-2V;1.0;2026-04-04;2026-03-25;NO UE;0136-001;A;11.0;Vision Empresarial del noroeste S.R.L;Antamapu;;;;;;82-5V;;;;;;
15-9VO;1.0;2026-04-04;2026-03-24;NO UE;0136-001;A;3.0;Vision Empresarial del noroeste S.R.L;Antamapu;;;;;;82-6VO;;;;;;
18-5VC;1.0;2026-04-04;2026-03-25;NO UE;0136-001;A;17.0;Vision Empresarial del noroeste S.R.L;Antamapu;;;;;;82-7VO;;;;;;
19-1VC;1.0;2026-04-04;2026-03-25;NO UE;0136-001;A;18.0;Vision Empresarial del noroeste S.R.L;Antamapu;;;;;;83-1A;;;;;;
19-2V;1.0;2026-04-04;2026-04-25;NO UE;0136-001;A;11.0;Vision Empresarial del noroeste S.R.L;Antamapu;;;;;;83-2P;;;;;;
18-3VO;1.0;2026-04-04;2026-04-25;NO UE;0136-001;A;15.0;Vision Empresarial del noroeste S.R.L;Antamapu;;;;;;83-3VC;;;;;;
19-3V;1.0;2026-04-04;2026-03-25;NO UE;0136-001;A;4.0;Vision Empresarial del noroeste S.R.L;Antamapu;;;;;;83-4V;;;;;;
21-8VC;1.0;2026-04-04;2026-03-26;NO UE;0136-001;A;30.0;Vision Empresarial del noroeste S.R.L;Antamapu;;;;;;83-5V;;;;;;
22-5V;1.0;2026-04-04;2026-03-28;NO UE;0136-001;A;6.0;Vision Empresarial del noroeste S.R.L;Antamapu;;;;;;83-6VO;;;;;;
22-2VC;1.0;2026-04-04;2026-03-28;NO UE;0136-001;A;30.0;Vision Empresarial del noroeste S.R.L;Antamapu;;;;;;83-7VO;;;;;;
22-4VC;1.0;2026-04-04;2026-03-28;NO UE;0136-001;A;21.0;Vision Empresarial del noroeste S.R.L;Antamapu;;;;;;83-8V;;;;;;
21-10VC;1.0;2026-04-04;2026-03-26;NO UE;0136-001;A;10.0;Vision Empresarial del noroeste S.R.L;Antamapu;;;;;;83-9VC;;;;;;
21-9V;1.0;2026-04-04;2026-03-26;NO UE;0136-001;A;14.0;Vision Empresarial del noroeste S.R.L;Antamapu;;;;;;83-10VO;;;;;;
22-1P;1.0;2026-04-04;2026-03-28;NO UE;0136-001;A;7.0;Vision Empresarial del noroeste S.R.L;Antamapu;;;;;;84-1V;;;;;;
20-7V;1.0;2026-04-04;2026-03-25;NO UE;0793-001;A;29.0;Fruit Crop;Yaquilo;;;;;;84-2VO;;;;;;
20-9VO;1.0;2026-04-04;2026-03-25;NO UE;0793-001;A;12.0;Fruit Crop;Yaquilo;;;;;;84-3VC;;;;;;
20-2V;1.0;2026-04-04;2026-03-25;NO UE;0793-001;A;27.0;Fruit Crop;Yaquilo;;;;;;84-4V;;;;;;
20-1VC;1.0;2026-04-04;2026-03-25;NO UE;0793-001;A;3.0;Fruit Crop;Yaquilo;;;;;;84-5PC;;;;;;
20-6VC;1.0;2026-04-04;2026-03-25;NO UE;0793-001;A;15.0;Fruit Crop;Yaquilo;;;;;;85-1A;;;;;;
20-5VO;1.0;2026-04-04;2026-03-25;NO UE;0793-001;A;30.0;Fruit Crop;Yaquilo;;;;;;85-2P;;;;;;
20-8V;1.0;2026-04-06;2026-03-25;NO UE;0793-001;VO;20.0;Fruit Crop;Yaquilo;;;;;;85-3VC;;;;;;
20-10V;1.0;2026-04-06;2026-03-25;NO UE;0793-001;VO;18.0;Fruit Crop;Yaquilo;;;;;;85-4V;;;;;;
20-3V;1.0;2026-04-06;2026-03-25;NO UE;0793-001;VO;21.0;Fruit Crop;Yaquilo;;;;;;85-5VO;;;;;;
23-1P;1.0;2026-04-06;2026-03-30;NO UE;0290-003;PC;5.0;Agricola Mares;Claudia;;;;;;85-6VO;;;;;;
26-1P;1.0;2026-04-06;2026-03-30;NO UE;0290-003;PC;1.0;Agricola Mares;Claudia;;;;;;85-7V;;;;;;
16-3V;1.0;2026-04-06;2026-03-24;NO UE;0290-003;VO;32.0;Agricola Mares;Claudia;;;;;;85-8VC;;;;;;
21-5V;1.0;2026-04-06;2026-03-26;NO UE;0136-001;V;21.0;Fruit Crop;Antamapu;;;;;;85-9VC;;;;;;
21-2V;1.0;2026-04-06;2026-03-26;NO UE;0136-001;V;21.0;Fruit Crop;Antamapu;;;;;;85-10V;;;;;;
21-4V;1.0;2026-04-06;2026-03-26;NO UE;0136-001;VO;23.0;Fruit Crop;Antamapu;;;;;;85-11VO;;;;;;
21-6V;1.0;2026-04-06;2026-03-26;NO UE;0136-001;VC;21.0;Fruit Crop;Antamapu;;;;;;85-12A;;;;;;
25-2VC;1.0;2026-04-06;2026-03-30;NO UE;0136-001;VC;30.0;Fruit Crop;Antamapu;;;;;;86-1A;;;;;;
25-1P;1.0;2026-04-06;2026-03-30;NO UE;0136-001;PC;7.0;Fruit Crop;Antamapu;;;;;;86-2P;;;;;;
21-1VC;1.0;2026-04-06;2026-03-26;NO UE;0136-001;VC;24.0;Fruit Crop;Antamapu;;;;;;86-3V;;;;;;
22-3V;1.0;2026-04-06;2026-03-28;NO UE;0136-001;V;29.0;Fruit Crop;Antamapu;;;;;;86-6V;;;;;;
31-4P;1.0;2026-04-07;2026-03-31;NO UE;0290-003;PC;4.0;Agricola Mares;Claudia;;;;;;86-8VC;;;;;;
31-1VC;1.0;2026-04-07;2026-03-31;NO UE;0290-003;VC;11.0;Agricola Mares;Claudia;;;;;;87-1A;;;;;;
23-2VC;1.0;2026-04-07;2026-03-30;NO UE;0290-003;VC;33.0;Agricola Mares;Claudia;;;;;;87-2P;;;;;;
31-5VC;1.0;2026-04-07;2026-03-31;NO UE;0290-003;V;8.0;Agricola Mares;Claudia;;;;;;87-4V;;;;;;
26-2VC;1.0;2026-04-07;2026-03-30;NO UE;0290-003;V;4.0;Agricola Mares;Claudia;;;;;;87-5VO;;;;;;
23-3V;1.0;2026-04-07;2026-03-30;NO UE;0290-003;V;6.0;Agricola Mares;Claudia;;;;;;87-6V;;;;;;
28-1VC;1.0;2026-04-07;2026-03-30;NO UE;0268-001;V;12.0;Greyco;La Luz;;;;;;87-7VO;;;;;;
28-2V;1.0;2026-04-07;2026-03-30;NO UE;0268-001;V;10.0;Greyco;La Luz;;;;;;88-1A;;;;;;
39-1P;1.0;2026-04-07;2026-04-01;NO UE;0268-001;PC;2.0;Greyco;La Luz;;;;;;88-2P;;;;;;
27-1P;1.0;2026-04-07;2026-03-30;NO UE;0268-001;PC;1.0;Greyco;La Luz;;;;;;88-3VC;;;;;;
28-4P;1.0;2026-04-07;2026-03-30;NO UE;0268-001;PC;1.0;Greyco;La Luz;;;;;;88-4VO;;;;;;
27-2VC;1.0;2026-04-07;2026-03-30;NO UE;0268-001;V;3.0;Greyco;La Luz;;;;;;88-5V;;;;;;
33-1P;1.0;2026-04-07;2026-03-31;NO UE;0268-001;PC;2.0;Greyco;La Luz;;;;;;88-6V;;;;;;
29-2VC;1.0;2026-04-07;2026-03-30;NO UE;0669-001;V;5.0;Greenpack;Tajamar;;;;;;88-7V;;;;;;
29-3v;1.0;2026-04-07;2026-03-30;NO UE;0669-001;PC;9.0;Greenpack;Tajamar;;;;;;88-8VC;;;;;;
24-2VC;1.0;2026-04-07;2026-03-30;NO UE;0669-001;V;4.0;Greenpack;Tajamar;;;;;;89-1A;;;;;;
38-1PC;1.0;2026-04-07;2026-04-01;NO UE;0669-001;PC;1.0;Greenpack;Tajamar;;;;;;89-2V;;;;;;
29-1P;1.0;2026-04-07;2026-03-30;NO UE;0669-001;PC;1.0;Greenpack;Tajamar;;;;;;89-3VO;;;;;;
32-1P;1.0;2026-04-07;2026-03-31;NO UE;0669-001;PC;1.0;Greenpack;Tajamar;;;;;;89-4V;;;;;;
43-1P;1.0;2026-04-07;2026-04-01;NO UE;0669-003;PC;1.0;Greenpack;Tajamar;;;;;;89-5VC;;;;;;
25-4VC;1.0;2026-04-07;2026-03-30;NO UE;0136-001;V;27.0;Fruit Crop;Antamapu;;;;;;89-6VO;;;;;;
21-3VO;1.0;2026-04-07;2026-03-26;NO UE;0136-001;V;9.0;Fruit Crop;Antamapu;;;;;;89-7V;;;;;;
21-7VO;1.0;2026-04-07;2026-03-26;NO UE;0136-001;V;9.0;Fruit Crop;Antamapu;;;;;;89-8VO;;;;;;
40-1P;1.0;2026-04-07;2026-04-01;NO UE;0136-001;PC;1.0;Fruit Crop;Antamapu;;;;;;89-9V;;;;;;
42-1P;1.0;2026-04-07;2026-04-01;NO UE;0136-001;PC;3.0;Fruit Crop;Antamapu;;;;;;100-1A;;;;;;
33-2VC;1.0;2026-04-07;2026-03-31;NO UE;0268-001;V;6.0;Greyco;La Luz;;;;;;98-3P;;;;;;
32-2VC;1.0;2026-04-07;2026-03-31;NO UE;0669-001;VC;7.0;Greenpack;Tajamar;;;;;;90-1A;;;;;;
31-3VO;1.0;2026-04-07;2026-03-31;NO UE;0290-003;VO;10.0;Agricola Mares;Claudia;;;;;;62-13A;;;;;;
29-4VO;1.0;2026-04-07;2026-03-30;NO UE;0669-001;V;8.0;Greenpack;Tajamar;;;;;;90-9A;;;;;;
28-3VO;1.0;2026-04-07;2026-03-30;NO UE;0268-001;V;9.0;Greyco;La Luz;;;;;;105-2P;;;;;;
48-6PC;;;;;;;;;;;;;;;66-1A;;;;;;
47-2V;1.0;2026-04-10;2026-04-02;UE;0793-004;V;18.0;Fruit Crop;Yaquilo;;;;;;95-1A;;;;;;
47-3VO;1.0;2026-04-10;2026-04-02;UE;0793-004;VO;23.0;Fruit Crop;Yaquilo;;;;;;;;;;;;
47-5VO;1.0;2026-04-10;2026-04-02;UE;0793-004;VO;42.0;Fruit Crop;Yaquilo;;;;;;;;;;;;
48-7PO;1.0;2026-04-10;2026-04-04;UE;0793-004;PC;4.0;Fruit Crop;Yaquilo;;;;;;;;;;;;
48-8VO;1.0;2026-04-10;2026-04-04;UE;0793-004;VO;5.0;Fruit Crop;Yaquilo;;;;;;;;;;;;
47-1VC;1.0;2026-04-10;2026-04-02;UE;0793-004;VC;14.0;Fruit Crop;Yaquilo;;;;;;;;;;;;
48-1VC;1.0;2026-04-10;2026-04-04;UE;0793-004;V;30.0;Fruit Crop;Yaquilo;;;;;;;;;;;;
48-3VO;1.0;2026-04-10;2026-04-04;UE;0793-004;VO;33.0;Fruit Crop;Yaquilo;;;;;;;;;;;;
47-4V;1.0;2026-04-10;2026-04-02;UE;0793-004;V;29.0;Fruit Crop;Yaquilo;;;;;;;;;;;;
34-4V;1.0;2026-04-10;2026-03-31;UE;0793-002;V;30.0;Fruit Crop;Yaquilo;;;;;;;;;;;;
34-2V;1.0;2026-04-10;2026-03-31;UE;0793-002;V;29.0;Fruit Crop;Yaquilo;;;;;;;;;;;;
41-3VO;1.0;2026-04-10;2026-04-01;UE;0793-003;V;39.0;Fruit Crop;Yaquilo;;;;;;;;;;;;
41-1VC;1.0;2026-04-10;2026-04-01;UE;0793-003;V;18.0;Fruit Crop;Yaquilo;;;;;;;;;;;;
33-3V;;;;;;;;;;;;;;;73-1A;;;;;;
30-5VO;1.0;2026-04-11;2026-03-30;UE;0793-001;VO;21.0;Fruit Crop;Yaquilo;;;;;;90-1A;;;;;;
34-7VO;1.0;2026-04-11;2026-03-31;UE;0793-002;VO;8.0;Fruit Crop;Yaquilo;;;;;;;;;;;;
46-3V;1.0;2026-04-11;2026-04-02;USA;0290-008;V;3.0;Agricola Mares;Claudia;;;;;;;;;;;;
46-4VO;1.0;2026-04-11;2026-04-02;USA;0290-008;VO;5.0;Agricola Mares;Claudia;;;;;;;;;;;;
46-1P;1.0;2026-04-11;2026-04-03;USA;0290-008;PC;5.0;Agricola Mares;Claudia;;;;;;;;;;;;
46-2VC;1.0;2026-04-11;2026-04-02;USA;0290-008;VC;11.0;Agricola Mares;Claudia;;;;;;;;;;;;
37-1PC;1.0;2026-04-11;2026-04-01;USA;0290-003;PC;16.0;Agricola Mares;Claudia;;;;;;;;;;;;
37-2VC;1.0;2026-04-11;2026-04-01;USA;0290-003;VC;27.0;Agricola Mares;Claudia;;;;;;;;;;;;
36-2VC;1.0;2026-04-11;2026-04-01;USA;0290-003;V;3.0;Agricola Mares;Claudia;;;;;;;;;;;;
37-4VO;1.0;2026-04-11;2026-04-01;USA;0290-003;VO;7.0;Agricola Mares;Claudia;;;;;;;;;;;;
37-5VC;1.0;2026-04-11;2026-04-01;USA;0290-003;VC;6.0;Agricola Mares;Claudia;;;;;;;;;;;;
36-4VO;1.0;2026-04-11;2026-04-01;USA;0290-003;VO;6.0;Agricola Mares;Claudia;;;;;;;;;;;;
37-3V;1.0;2026-04-11;2026-04-01;USA;0290-003;V;12.0;Agricola Mares;Claudia;;;;;;;;;;;;
24-3V;1.0;2026-04-11;2026-03-30;NO UE;0669-001;V;9.0;Greenpack;Tajamar;;;;;;;;;;;;
32-4VO;1.0;2026-04-11;2026-03-31;NO UE;0669-001;VO;2.0;Greenpack;Tajamar;;;;;;;;;;;;
32-3V;1.0;2026-04-11;2026-03-31;NO UE;0669-001;V;3.0;Greenpack;Tajamar;;;;;;;;;;;;
24-4VO;1.0;2026-04-11;2026-03-30;NO UE;0669-001;VO;9.0;Greenpack;Tajamar;;;;;;;;;;;;
43-4VO;1.0;2026-04-11;2026-04-01;NO UE;0669-003;VO;4.0;Greenpack;Tajamar;;;;;;;;;;;;
43-3V;1.0;2026-04-11;2026-04-01;NO UE;0669-003;V;5.0;Greenpack;Tajamar;;;;;;;;;;;;
44-3V;1.0;2026-04-11;2026-04-02;NO UE;0669-003;V;9.0;Greenpack;Tajamar;;;;;;;;;;;;
43-2VC;1.0;2026-04-11;2026-04-01;NO UE;0669-003;VC;10.0;Greenpack;Tajamar;;;;;;;;;;;;
44-2VC;1.0;2026-04-11;2026-04-02;NO UE;0669-003;VC;25.0;Greenpack;Tajamar;;;;;;;;;;;;
38-2VC;1.0;2026-04-11;2026-04-01;NO UE;0669-001;VC;16.0;Greenpack;Tajamar;;;;;;;;;;;;
27-4VO;1.0;2026-04-11;2026-03-30;NO UE;0268-001;VO;4.0;Greyco;La Luz;;;;;;;;;;;;
35-1P;1.0;2026-04-11;2026-03-31;NO UE;0268-001;PC;1.0;Greyco;La Luz;;;;;;;;;;;;
33-3VC;1.0;2026-04-11;2026-03-31;NO UE;0268-001;VC;4.0;Greyco;La Luz;;;;;;;;;;;;
33-4VO;1.0;2026-04-11;2026-03-31;NO UE;0268-001;VO;3.0;Greyco;La Luz;;;;;;;;;;;;
35-3V;1.0;2026-04-11;2026-03-31;NO UE;0268-001;V;6.0;Greyco;La Luz;;;;;;;;;;;;
35-4VO;1.0;2026-04-11;2026-03-31;NO UE;0268-001;VO;6.0;Greyco;La Luz;;;;;;;;;;;;
35-2VC;1.0;2026-04-11;2026-03-31;NO UE;0268-001;VC;6.0;Greyco;La Luz;;;;;;;;;;;;
42-3V;1.0;2026-04-11;2026-04-01;NO UE;0136-001;V;2.0;Vision Empresarial del noroeste S.R.L;Antamapu;;;;;;;;;;;;
49-1PC;1.0;2026-04-13;2026-04-07;UE;0793-008;PC;15.0;Fruit Crop;Yaquilo;;;;;;;;;;;;
52-1PC;1.0;2026-04-13;2026-04-07;UE;0793-005;PC;14.0;Fruit Crop;Yaquilo;;;;;;;;;;;;
54-1PC;1.0;2026-04-13;2026-04-08;UE;0793-006;PC;31.0;Fruit Crop;Yaquilo;;;;;;;;;;;;
54-11P;1.0;2026-04-13;2026-04-08;UE;0793-006;PC;4.0;Fruit Crop;Yaquilo;;;;;;;;;;;;
54-8VC;1.0;2026-04-13;2026-04-08;UE;0793-006;VC;27.0;Fruit Crop;Yaquilo;;;;;;;;;;;;
54-12VC;1.0;2026-04-13;2026-04-08;UE;0793-006;VC;4.0;Fruit Crop;Yaquilo;;;;;;;;;;;;
48-4V;1.0;2026-04-13;2026-04-04;UE;0793-004;V;30.0;Fruit Crop;Yaquilo;;;;;;;;;;;;
41-2V;1.0;2026-04-13;2026-04-01;UE;0793-003;V;29.0;Fruit Crop;Yaquilo;;;;;;;;;;;;
26-3V;1.0;2026-04-13;2026-03-30;NO UE;0290-003;V;3.0;Agricola Mares;Claudia;;;;;;;;;;;;
25-3V;1.0;2026-04-13;2026-03-30;NO UE;0136-001;V;17.0;Vision Empresarial del noroeste S.R.L;Antamapu;;;;;;;;;;;;
45-3V;1.0;2026-04-13;2026-04-02;NO UE;0136-001;V;3.0;Vision Empresarial del noroeste S.R.L;Antamapu;;;;;;;;;;;;
45-2VC;1.0;2026-04-13;2026-04-02;NO UE;0136-001;VC;15.0;Vision Empresarial del noroeste S.R.L;Antamapu;;;;;;;;;;;;
42-2VC;1.0;2026-04-13;2026-04-01;NO UE;0136-001;VC;6.0;Vision Empresarial del noroeste S.R.L;Antamapu;;;;;;;;;;;;
45-1P;1.0;2026-04-13;2026-04-02;NO UE;0136-001;PC;5.0;Vision Empresarial del noroeste S.R.L;Antamapu;;;;;;;;;;;;
40-2VC;1.0;2026-04-13;2026-04-01;NO UE;0136-001;PC;2.0;Vision Empresarial del noroeste S.R.L;Antamapu;;;;;;;;;;;;
38-3V;1.0;2026-04-13;2026-04-01;NO UE;0669-001;V;1.0;Greenpack;Tajamar;;;;;;;;;;;;
39-2VC;1.0;2026-04-13;2026-04-01;NO UE;0268-001;VC;11.0;Greyco;La Luz;;;;;;;;;;;;
39-4VO;1.0;2026-04-13;2026-04-01;NO UE;0268-001;VO;6.0;Greyco;La Luz;;;;;;;;;;;;
34-6V;1.0;2026-04-14;2026-03-31;UE;0793-002;V;8.0;Fruit Crop;Yaquilo;;;;;;;;;;;;
48-2V;1.0;2026-04-14;2026-04-04;UE;0793-004;V;15.0;Fruit Crop;Yaquilo;;;;;;;;;;;;
51-6V;1.0;2026-04-14;2026-04-07;UE;0793-007;V;6.0;Fruit Crop;Yaquilo;;;;;;;;;;;;
51-5P;1.0;2026-04-14;2026-04-07;UE;0793-007;PC;9.0;Fruit Crop;Yaquilo;;;;;;;;;;;;
51-3VC;1.0;2026-04-14;2026-04-07;UE;0793-007;VC;12.0;Fruit Crop;Yaquilo;;;;;;;;;;;;
50-3VC;1.0;2026-04-14;2026-04-07;UE;0793-007;VC;18.0;Fruit Crop;Yaquilo;;;;;;;;;;;;
50-2P;1.0;2026-04-14;2026-04-07;UE;0793-007;PC;18.0;Fruit Crop;Yaquilo;;;;;;;;;;;;
52-4V;1.0;2026-04-14;2026-04-07;UE;0793-005;V;8.0;Fruit Crop;Yaquilo;;;;;;;;;;;;
52-2P;1.0;2026-04-14;2026-04-07;UE;0793-005;PC;14.0;Fruit Crop;Yaquilo;;;;;;;;;;;;
52-3VC;1.0;2026-04-14;2026-04-07;UE;0793-005;VC;18.0;Fruit Crop;Yaquilo;;;;;;;;;;;;
56-6V;1.0;2026-04-14;2026-04-08;USA;0290-003;V;18.0;Agricola Mares;Claudia;;;;;;;;;;;;
56-2V;1.0;2026-04-14;2026-04-08;USA;0290-003;V;30.0;Agricola Mares;Claudia;;;;;;;;;;;;
56-1VC;1.0;2026-04-14;2026-04-08;USA;0290-003;VC;9.0;Agricola Mares;Claudia;;;;;;;;;;;;
56-9V;1.0;2026-04-14;2026-04-08;USA;0290-003;V;17.0;Agricola Mares;Claudia;;;;;;;;;;;;
56-8V;1.0;2026-04-14;2026-04-08;USA;0290-003;V;30.0;Agricola Mares;Claudia;;;;;;;;;;;;
56-3V;1.0;2026-04-14;2026-04-08;USA;0290-003;V;30.0;Agricola Mares;Claudia;;;;;;;;;;;;
56-5V;1.0;2026-04-14;2026-04-08;USA;0290-003;V;30.0;Agricola Mares;Claudia;;;;;;;;;;;;
38-4VO;1.0;2026-04-14;2026-04-01;NO UE;0669-001;VO;8.0;Greenpack;Tajamar;;;;;;;;;;;;
39-3V;1.0;2026-04-14;2026-04-01;NO UE;0268-001;V;9.0;Greyco;La Luz;;;;;;;;;;;;
53-4VO;1.0;2026-04-14;2026-04-07;NO UE;0669-001;VO;2.0;Greenpack;Tajamar;;;;;;;;;;;;
50-1PC;;;;;;;;;;;;;;;;;;;;;
51-1PC;;;;;;;;;;;;;;;;;;;;;
38-2VC 1;;;;;;;;;;;;;;;;;;;;;
50-4V;1.0;2026-04-15;2026-04-07;UE;0793-007;V;9.0;Fruit Crop;Yaquilo;;;;;;;;;;;;
49-4VO;1.0;2026-04-15;2026-04-07;UE;0793-008;VO;12.0;Fruit Crop;Yaquilo;;;;;;;;;;;;
49-2P;1.0;2026-04-15;2026-04-07;UE;0793-008;PC;12.0;Fruit Crop;Yaquilo;;;;;;;;;;;;
49-3VC;1.0;2026-04-15;2026-04-07;UE;0793-008;VC;4.0;Fruit Crop;Yaquilo;;;;;;;;;;;;
54-3VC;1.0;2026-04-15;2026-04-08;UE;0793-006;VC;24.0;Fruit Crop;Yaquilo;;;;;;;;;;;;
54-9V;1.0;2026-04-15;2026-04-08;UE;0793-006;V;24.0;Fruit Crop;Yaquilo;;;;;;;;;;;;
54-4V;1.0;2026-04-15;2026-04-08;UE;0793-006;V;18.0;Fruit Crop;Yaquilo;;;;;;;;;;;;
54-5V;1.0;2026-04-15;2026-04-08;UE;0793-006;V;30.0;Fruit Crop;Yaquilo;;;;;;;;;;;;
54-2P;1.0;2026-04-15;2026-04-08;UE;0793-006;V;39.0;Fruit Crop;Yaquilo;;;;;;;;;;;;
54-6VC;1.0;2026-04-15;2026-04-08;UE;0793-006;VC;30.0;Fruit Crop;Yaquilo;;;;;;;;;;;;
54-10V;1.0;2026-04-15;2026-04-08;UE;0793-006;V;2.0;Fruit Crop;Yaquilo;;;;;;;;;;;;
54-7V;1.0;2026-04-15;2026-04-08;UE;0793-006;V;30.0;Fruit Crop;Yaquilo;;;;;;;;;;;;
62-4A;1.0;2026-04-15;2026-04-12;UE;0793-001;A;19.0;Fruit Crop;Yaquilo;;;;;;;;;;;;
66-7A;1.0;2026-04-15;2026-04-13;UE;0793-001;A;12.0;Fruit Crop;Yaquilo;;;;;;;;;;;;
66-1A;1.0;2026-04-15;2026-04-13;UE;0793-001;A;24.0;Fruit Crop;Yaquilo;;;;;;;;;;;;
48-5VO;1.0;2026-04-15;2026-04-04;UE;0793-004;VO;26.0;Fruit Crop;Yaquilo;;;;;;;;;;;;
51-4V;1.0;2026-04-15;2026-04-07;UE;0793-007;V;9.0;Fruit Crop;Yaquilo;;;;;;;;;;;;
73-1A;1.0;2026-04-15;2026-04-14;UE;0793-001;A;23.0;Fruit Crop;Yaquilo;;;;;;;;;;;;
62-1PC;1.0;2026-04-15;2026-04-12;UE;0793-001;PC;17.0;Fruit Crop;Yaquilo;;;;;;;;;;;;
62-5VC;1.0;2026-04-15;2026-04-12;UE;0793-001;VC;23.0;Fruit Crop;Yaquilo;;;;;;;;;;;;
58-2V;1.0;2026-04-16;2026-04-08;NO UE;0669-001;V;12.0;Greenpack;Tajamar;;;;;;;;;;;;
53-1VC;1.0;2026-04-16;2026-04-08;NO UE;0669-001;VC;2.0;Greenpack;Tajamar;;;;;;;;;;;;
53-2V;1.0;2026-04-16;2026-04-08;NO UE;0669-001;V;16.0;Greenpack;Tajamar;;;;;;;;;;;;
58-4V;1.0;2026-04-16;2026-04-08;NO UE;0669-001;V;30.0;Greenpack;Tajamar;;;;;;;;;;;;
58-5VO;1.0;2026-04-16;2026-04-08;NO UE;0669-001;V;10.0;Greenpack;Tajamar;;;;;;;;;;;;
58-3VO;1.0;2026-04-16;2026-04-08;NO UE;0669-001;VO;15.0;Greenpack;Tajamar;;;;;;;;;;;;
58-7VC;1.0;2026-04-16;2026-04-08;NO UE;0669-001;VC;5.0;Greenpack;Tajamar;;;;;;;;;;;;
58-6V;1.0;2026-04-16;2026-04-08;NO UE;0669-001;V;20.0;Greenpack;Tajamar;;;;;;;;;;;;
58-1VC;1.0;2026-04-16;2026-04-08;NO UE;0669-001;VC;30.0;Greenpack;Tajamar;;;;;;;;;;;;
55-3VO;1.0;2026-04-16;2026-04-08;NO UE;0541-001;VO;22.0;Fruit Crop;Los Chicos;;;;;;;;;;;;
55-1VC;1.0;2026-04-16;2026-04-08;NO UE;0541-001;VC;2.0;Fruit Crop;Los Chicos;;;;;;;;;;;;
55-2V;1.0;2026-04-16;2026-04-08;NO UE;0541-001;V;31.0;Fruit Crop;Los Chicos;;;;;;;;;;;;
56-4V;1.0;2026-04-16;2026-04-08;NO UE;0290-003;V;12.0;Agricola Mares;Claudia;;;;;;;;;;;;
66-6V;1.0;2026-04-17;2026-04-13;UE;0793-001;V;36.0;Fruit Crop;Yaquilo;;;;;;;;;;;;
66-9V;1.0;2026-04-17;2026-04-13;UE;0793-001;V;22.0;Fruit Crop;Yaquilo;;;;;;;;;;;;
66-2P;1.0;2026-04-17;2026-04-13;UE;079-001;PC;19.0;Fruit Crop;Yaquilo;;;;;;;;;;;;
66-5V;1.0;2026-04-17;2026-04-13;UE;0793-001;V;45.0;Fruit Crop;Yaquilo;;;;;;;;;;;;
80-1A;1.0;2026-04-17;2026-04-15;UE;0793-001;A;30.0;Fruit Crop;Yaquilo;;;;;;;;;;;;
62-6V;1.0;2026-04-17;2026-04-12;UE;0793-001;V;25.0;Fruit Crop;Yaquilo;;;;;;;;;;;;
62-2V;1.0;2026-04-17;2026-04-12;UE;0793-001;V;18.0;Fruit Crop;Yaquilo;;;;;;;;;;;;
62-3V;1.0;2026-04-17;2026-04-12;UE;0793-001;V;18.0;Fruit Crop;Yaquilo;;;;;;;;;;;;
62-8V;1.0;2026-04-17;2026-04-12;UE;0793-001;V;25.0;Fruit Crop;Yaquilo;;;;;;;;;;;;
73-2P;1.0;2026-04-17;2026-04-14;UE;0793-001;PC;14.0;Fruit Crop;Yaquilo;;;;;;;;;;;;
73-5V;1.0;2026-04-17;2026-04-14;UE;0793-001;V;30.0;Fruit Crop;Yaquilo;;;;;;;;;;;;
85-1A;1.0;2026-04-17;2026-04-16;UE;0793-001;A;24.0;Fruit Crop;Yaquilo;;;;;;;;;;;;
73-9V;1.0;2026-04-17;2026-04-14;UE;0793-001;V;6.0;Fruit Crop;Yaquilo;;;;;;;;;;;;
85-2P;1.0;2026-04-17;2026-04-16;UE;0793-001;PC;24.0;Fruit Crop;Yaquilo;;;;;;;;;;;;
73-3VC;1.0;2026-04-17;2026-04-14;UE;0793-001;V;12.0;Fruit Crop;Yaquilo;;;;;;;;;;;;
86-2P;1.0;2026-04-17;2026-04-16;UE;0136-014;PC;2.0;Fruit Crop;Yaquilo;;;;;;;;;;;;
67-3V;1.0;2026-04-17;2026-04-13;UE;0136-014;V;15.0;Fruit Crop;Yaquilo;;;;;;;;;;;;
69-3V;1.0;2026-04-17;2026-04-13;UE;0136-014;V;4.0;Fruit Crop;Yaquilo;;;;;;;;;;;;
71-1P;1.0;2026-04-17;2026-04-13;UE;0136-014;PC;3.0;Fruit Crop;Yaquilo;;;;;;;;;;;;
67-1P;1.0;2026-04-17;2026-04-13;UE;0136-014;PC;2.0;Fruit Crop;Yaquilo;;;;;;;;;;;;
69-1P;1.0;2026-04-17;2026-04-13;UE;0136-014;PC;1.0;Fruit Crop;Yaquilo;;;;;;;;;;;;
68-1P;1.0;2026-04-17;2026-04-13;UE;0136-016;PC;2.0;Fruit Crop;Yaquilo;;;;;;;;;;;;
60-1VC;1.0;2026-04-17;2026-04-10;UE;0669-001;VC;6.0;Greenpack;Tajamar;;;;;;;;;;;;
81-1A;1.0;2026-04-17;2026-04-15;UE;0669-006;A;1.0;Greenpack;Tajamar;;;;;;;;;;;;
83-1A;1.0;2026-04-17;2026-04-16;UE;0669-008;A;2.0;Greenpack;Tajamar;;;;;;;;;;;;
84-5PC;1.0;2026-04-17;2026-04-16;UE;0290-003;PC;3.0;Agricola Mares;Claudia;;;;;;;;;;;;
72-1PC;1.0;2026-04-17;2026-04-14;UE;0290-003;PC;4.0;Agricola Mares;Claudia;;;;;;;;;;;;
66-3VC;1.0;2026-04-18;2026-04-13;UE;0793-001;VC;27.0;Fruit Crop;Yaquilo;;;;;;;;;;;;
66-8VC;1.0;2026-04-18;2026-04-13;UE;0793-001;VC;11.0;Fruit Crop;Yaquilo;;;;;;;;;;;;
73-8V;1.0;2026-04-18;2026-04-14;UE;0793-001;V;30.0;Fruit Crop;Yaquilo;;;;;;;;;;;;
62-12VC;1.0;2026-04-18;2026-04-12;UE;0793-001;VC;3.0;Fruit Crop;Yaquilo;;;;;;;;;;;;
73-4V;1.0;2026-04-18;2026-04-14;UE;0793-001;V;6.0;Fruit Crop;Yaquilo;;;;;;;;;;;;
66-4V;1.0;2026-04-18;2026-04-13;UE;0793-001;V;15.0;Fruit Crop;Yaquilo;;;;;;;;;;;;
85-12A;1.0;2026-04-18;2026-04-16;UE;0793-001;A;12.0;Fruit Crop;Yaquilo;;;;;;;;;;;;
73-6V;1.0;2026-04-18;2026-04-14;UE;0793-001;V;15.0;Fruit Crop;Yaquilo;;;;;;;;;;;;
80-2VC;1.0;2026-04-18;2026-04-15;UE;0793-001;VC;14.0;Fruit Crop;Yaquilo;;;;;;;;;;;;
90-2P;1.0;2026-04-18;2026-04-17;UE;0793-001;PC;30.0;Fruit Crop;Yaquilo;;;;;;;;;;;;
80-5P;1.0;2026-04-18;2026-04-15;UE;0793-001;PC;18.0;Fruit Crop;Yaquilo;;;;;;;;;;;;
80-6V;1.0;2026-04-18;2026-04-15;UE;0793-001;V;18.0;Fruit Crop;Yaquilo;;;;;;;;;;;;
80-12P;1.0;2026-04-18;2026-04-15;UE;0793-001;PC;1.0;Fruit Crop;Yaquilo;;;;;;;;;;;;
90-1A;1.0;2026-04-18;2026-04-17;UE;0793-001;A;21.0;Fruit Crop;Yaquilo;;;;;;;;;;;;
71-3V;1.0;2026-04-18;2026-04-13;UE;0136-014;V;12.0;Vision Empresarial del noroeste S.R.L;Antamapu;;;;;;;;;;;;
88-1A;1.0;2026-04-18;2026-04-16;UE;0136-014;A;3.0;Vision Empresarial del noroeste S.R.L;Antamapu;;;;;;;;;;;;
88-2P;1.0;2026-04-18;2026-04-16;UE;0136-014;PC;7.0;Vision Empresarial del noroeste S.R.L;Antamapu;;;;;;;;;;;;
87-1A;1.0;2026-04-18;2026-04-16;UE;0136-014;A;3.0;Vision Empresarial del noroeste S.R.L;Antamapu;;;;;;;;;;;;
86-1A;1.0;2026-04-18;2026-04-16;UE;0134-014;A;2.0;Vision Empresarial del noroeste S.R.L;Antamapu;;;;;;;;;;;;
68-3V;1.0;2026-04-18;2026-04-13;UE;0136-016;V;19.0;Vision Empresarial del noroeste S.R.L;Antamapu;;;;;;;;;;;;
87-2P;1.0;2026-04-18;2026-04-13;UE;0136-016;PC;12.0;Vision Empresarial del noroeste S.R.L;Antamapu;;;;;;;;;;;;
90-7P;1.0;2026-04-18;2026-04-17;UE;0793-001;PC;43.0;Fruit Crop;Yaquilo;;;;;;;;;;;;
62-13A;1.0;2026-04-18;2026-04-12;UE;0793-001;A;3.0;Fruit Crop;Yaquilo;;;;;;;;;;;;
90-6A;1.0;2026-04-18;2026-04-17;UE;0793-001;A;33.0;Fruit Crop;Yaquilo;;;;;;;;;;;;
90-9A;1.0;2026-04-18;2026-04-17;UE;0793-001;A;20.0;Fruit Crop;Yaquilo;;;;;;;;;;;;
60-7VC;1.0;2026-04-18;2026-04-10;NO UE;0669-001;VC;11.0;Greenpack;Tajamar;;;;;;;;;;;;
65-1VC;1.0;2026-04-18;2026-04-13;NO UE;0669-006;VC;3.0;Greenpack;Tajamar;;;;;;;;;;;;
61-1VC;1.0;2026-04-18;2026-04-11;NO UE;0669-005;VC;11.0;Greenpack;Tajamar;;;;;;;;;;;;
60-8V;1.0;2026-04-20;2026-04-10;NO UE;0669-001;V;20.0;Greenpack;Tajamar;;;;;;;;;;;;
60-2V;1.0;2026-04-20;2026-04-10;NO UE;0669-001;V;15.0;Greenpack;Tajamar;;;;;;;;;;;;
60-4VO;1.0;2026-04-20;2026-04-10;NO UE;0669-001;VO;29.0;Greenpack;Tajamar;;;;;;;;;;;;
60-6VO;1.0;2026-04-20;2026-04-10;NO UE;0669-001;VO;22.0;Greenpack;Tajamar;;;;;;;;;;;;
61-2V;1.0;2026-04-20;2026-04-11;NO UE;0669-005;V;30.0;Greenpack;Tajamar;;;;;;;;;;;;
83-9VC;1.0;2026-04-20;2026-04-16;NO UE;0669-008;VC;9.0;Greenpack;Tajamar;;;;;;;;;;;;
67-2VC;1.0;2026-04-20;2026-04-13;NO UE;0136-014;VC;1.0;Vision Empresarial del noroeste S.R.L;Antamapu;;;;;;;;;;;;
95-1A;1.0;2026-04-20;2026-04-17;NO UE;0136-014;A;4.0;Vision Empresarial del noroeste S.R.L;Antamapu;;;;;;;;;;;;
71-4V;1.0;2026-04-20;2026-04-13;NO UE;0136-014;V;4.0;Vision Empresarial del noroeste S.R.L;Antamapu;;;;;;;;;;;;
71-2VC;1.0;2026-04-20;2026-04-13;NO UE;0136-014;VC;2.0;Vision Empresarial del noroeste S.R.L;Antamapu;;;;;;;;;;;;
69-2VC;1.0;2026-04-20;2026-04-13;NO UE;0136-014;VC;2.0;Vision Empresarial del noroeste S.R.L;Antamapu;;;;;;;;;;;;
96-1A;1.0;2026-04-20;2026-04-17;NO UE;0136-016;A;6.0;Vision Empresarial del noroeste S.R.L;Antamapu;;;;;;;;;;;;
68-2VC;1.0;2026-04-20;2026-04-13;NO UE;0136-016;VC;4.0;Vision Empresarial del noroeste S.R.L;Antamapu;;;;;;;;;;;;
62-10V;1.0;2026-04-20;2026-04-12;NO UE;0793-001;V;5.0;Fruit Crop;Yaquilo;;;;;;;;;;;;
62-11VO;1.0;2026-04-20;2026-04-12;NO UE;0793-001;VO;3.0;Fruit Crop;Yaquilo;;;;;;;;;;;;
62-9VC;1.0;2026-04-20;2026-04-12;NO UE;0793-001;VC;3.0;Fruit Crop;Yaquilo;;;;;;;;;;;;
65-2V;1.0;2026-04-20;2026-04-13;NO UE;0669-006;V;11.0;Greenpack;Tajamar;;;;;;;;;;;;
70-1VC;1.0;2026-04-20;2026-04-13;NO UE;0669-006;VC;2.0;Greenpack;Tajamar;;;;;;;;;;;;
60-3V;1.0;2026-04-20;2026-04-10;NO UE;0669-001;V;21.0;Greenpack;Tajamar;;;;;;;;;;;;
76-1VC;1.0;2026-04-20;2026-04-14;USA;0290-003;VC;1.0;Agricola Mares;Claudia;;;;;;;;;;;;
77-5V;1.0;2026-04-20;2026-04-14;USA;0290-003;V;30.0;Agricola Mares;Claudia;;;;;;;;;;;;
94-1A;1.0;2026-04-20;2026-04-17;USA;0290-003;A;4.0;Agricola Mares;Claudia;;;;;;;;;;;;
56-7VO;1.0;2026-04-20;2026-04-08;USA;0290-003;VO;14.0;Agricola Mares;Claudia;;;;;;;;;;;;
63-1P;1.0;2026-04-20;2026-04-12;USA;0290-003;PC;2.0;Agricola Mares;Claudia;;;;;;;;;;;;
59-2V;1.0;2026-04-20;2026-04-08;USA;0290-003;V;8.0;Agricola Mares;Claudia;;;;;;;;;;;;
76-2V;1.0;2026-04-20;2026-04-14;USA;0290-003;V;8.0;Agricola Mares;Claudia;;;;;;;;;;;;
72-4VO;1.0;2026-04-20;2026-04-14;USA;0290-003;VO;25.0;Agricola Mares;Claudia;;;;;;;;;;;;
72-2VC;1.0;2026-04-20;2026-04-14;USA;0290-003;VC;14.0;Agricola Mares;Claudia;;;;;;;;;;;;
93-1A;1.0;2026-04-20;2026-04-17;USA;0290-003;A;10.0;Agricola Mares;Claudia;;;;;;;;;;;;
79-1VC;1.0;2026-04-20;2026-04-14;USA;0290-003;VC;9.0;Agricola Mares;Claudia;;;;;;;;;;;;
79-2V;1.0;2026-04-20;2026-04-14;USA;0290-003;V;26.0;Agricola Mares;Claudia;;;;;;;;;;;;
77-2V;1.0;2026-04-20;2026-04-14;USA;0290-003;V;18.0;Agricola Mares;Claudia;;;;;;;;;;;;
63-2VC;1.0;2026-04-20;2026-04-12;USA;0290-003;VC;4.0;Agricola Mares;Claudia;;;;;;;;;;;;
75-2V;1.0;2026-04-20;2026-04-14;USA;0541-001;V;9.0;Fruit Crop;Los Chicos;;;;;;;;;;;;
78-1V;1.0;2026-04-21;2026-04-15;NO UE;0669-006;V;30.0;Greenpack;Tajamar;;;;;;;;;;;;
61-4VO;1.0;2026-04-21;2026-04-11;NO UE;0669-005;VO;30.0;Greenpack;Tajamar;;;;;;;;;;;;
82-3VC;1.0;2026-04-21;2026-04-15;NO UE;0669-006;VC;3.0;Greenpack;Tajamar;;;;;;;;;;;;
83-3VC;1.0;2026-04-21;2026-04-16;NO UE;0669-008;VC;6.0;Greenpack;Tajamar;;;;;;;;;;;;
105-1A;1.0;2026-04-21;2026-04-20;NO UE;0669-008;A;1.0;Greenpack;Tajamar;;;;;;;;;;;;
61-6VO;1.0;2026-04-21;2026-04-11;NO UE;0669-005;VO;19.0;Greenpack;Tajamar;;;;;;;;;;;;
70-2V;1.0;2026-04-21;2026-04-13;NO UE;0669-006;V;10.0;Greenpack;Tajamar;;;;;;;;;;;;
105-2P;1.0;2026-04-21;2026-04-20;NO UE;0669-008;PC;2.0;Greenpack;Tajamar;;;;;;;;;;;;
78-5V;1.0;2026-04-21;2026-04-15;NO UE;0669-005;V;15.0;Greenpack;Tajamar;;;;;;;;;;;;
88-8VC;1.0;2026-04-21;2026-04-16;NO UE;0136-014;VC;2.0;Vision Empresarial del noroeste S.R.L;Antamapu;;;;;;;;;;;;
100-1A;1.0;2026-04-21;2026-04-15;NO UE;0669-008;A;1.0;Greenpack;Tajamar;;;;;;;;;;;;
98-3P;1.0;2026-04-21;2026-04-18;NO UE;0669-008;PC;1.0;Greenpack;Tajamar;;;;;;;;;;;;
77-4P;1.0;2026-04-21;2026-04-14;USA;0290-003;PC;4.0;Agricola Mares;Claudia;;;;;;;;;;;;
79-4A;1.0;2026-04-21;2026-04-14;USA;0290-003;A;1.0;Agricola Mares;Claudia;;;;;;;;;;;;
64-1PC;1.0;2026-04-21;2026-04-13;USA;0290-003;PC;13.0;Agricola Mares;Claudia;;;;;;;;;;;;
59-3VO;1.0;2026-04-21;2026-04-08;USA;0290-003;VO;4.0;Agricola Mares;Claudia;;;;;;;;;;;;
63-3V;1.0;2026-04-21;2026-04-12;USA;0290-003;V;34.0;Agricola Mares;Claudia;;;;;;;;;;;;
64-6V;1.0;2026-04-21;2026-04-13;USA;0290-003;V;30.0;Agricola Mares;Claudia;;;;;;;;;;;;
64-5V;1.0;2026-04-21;2026-04-13;USA;0290-003;V;21.0;Agricola Mares;Claudia;;;;;;;;;;;;
64-7V;1.0;2026-04-21;2026-04-13;USA;0290-003;V;39.0;Agricola Mares;Claudia;;;;;;;;;;;;
64-9V;1.0;2026-04-21;2026-04-13;USA;0290-003;V;33.0;Agricola Mares;Claudia;;;;;;;;;;;;
64-3V;1.0;2026-04-21;2026-04-13;USA;0290-003;V;30.0;Agricola Mares;Claudia;;;;;;;;;;;;
64-4VO;1.0;2026-04-21;2026-04-13;USA;0290-003;VO;30.0;Agricola Mares;Claudia;;;;;;;;;;;;
63-4VO;1.0;2026-04-21;2026-04-12;USA;0290-003;V;19.0;Agricola Mares;Claudia;;;;;;;;;;;;
53-3V;;;;;;;;;;;;;;;;;;;;;
53-5VO;;;;;;;;;;;;;;;;;;;;;
54-4P;;;;;;;;;;;;;;;;;;;;;
59-1VC;;;;;;;;;;;;;;;;;;;;;
80-7VO;1.0;2026-04-22;2026-04-15;UE;0793-001;VO;24.0;Fruit Crop;Yaquilo;;;;;;;;;;;;
80-8VO;1.0;2026-04-22;2026-04-15;UE;0793-001;VO;24.0;Fruit Crop;Yaquilo;;;;;;;;;;;;
80-4VO;1.0;2026-04-22;2026-04-15;UE;0793-001;VO;11.0;Fruit Crop;Yaquilo;;;;;;;;;;;;
80-11VC;1.0;2026-04-22;2026-04-15;UE;0793-001;VC;3.0;Fruit Crop;Yaquilo;;;;;;;;;;;;
97-1A;1.0;2026-04-22;2026-04-17;UE;0793-001;A;19.0;Fruit Crop;Yaquilo;;;;;;;;;;;;
85-7V;1.0;2026-04-22;2026-04-16;UE;0793-001;V;39.0;Fruit Crop;Yaquilo;;;;;;;;;;;;
85-4V;1.0;2026-04-22;2026-04-16;UE;0793-001;V;21.0;Fruit Crop;Yaquilo;;;;;;;;;;;;
62-7VO;1.0;2026-04-22;2026-04-12;UE;0793-001;VO;2.0;Fruit Crop;Yaquilo;;;;;;;;;;;;
73-7VC;1.0;2026-04-22;2026-04-14;UE;0793-001;VC;16.0;Fruit Crop;Yaquilo;;;;;;;;;;;;
85-3VC;1.0;2026-04-22;2026-04-16;UE;0793-001;V;9.0;Fruit Crop;Yaquilo;;;;;;;;;;;;
85-8VC;1.0;2026-04-22;2026-04-16;UE;0793-001;V;9.0;Fruit Crop;Yaquilo;;;;;;;;;;;;
80-10VO;1.0;2026-04-22;2026-04-15;UE;0793-001;VO;16.0;Fruit Crop;Yaquilo;;;;;;;;;;;;
104-1A;1.0;2026-04-22;2026-04-19;UE;0793-001;A;37.0;Fruit Crop;Yaquilo;;;;;;;;;;;;
80-3V;1.0;2026-04-22;2026-04-15;UE;0793-001;V;60.0;Fruit Crop;Yaquilo;;;;;;;;;;;;
77-1VC;1.0;2026-04-22;2026-04-14;USA;0290-003;V;15.0;Agricola Mares;Claudia;;;;;;;;;;;;
64-2P;1.0;2026-04-22;2026-04-13;USA;0290-003;PC;15.0;Agricola Mares;Claudia;;;;;;;;;;;;
84-3VC;1.0;2026-04-22;2026-04-16;USA;0290-003;VC;9.0;Agricola Mares;Claudia;;;;;;;;;;;;
72-5V;1.0;2026-04-22;2026-04-14;USA;0290-003;V;22.0;Agricola Mares;Claudia;;;;;;;;;;;;
67-4V;1.0;2026-04-22;2026-04-13;NO UE;0136-014;V;5.0;Vision Empresarial del noroeste S.R.L;Antamapu;;;;;;;;;;;;
69-4V;1.0;2026-04-22;2026-04-13;NO UE;0136-014;V;2.0;Vision Empresarial del noroeste S.R.L;Antamapu;;;;;;;;;;;;
68-4V;1.0;2026-04-22;2026-04-13;NO UE;0136-016;V;5.0;Vision Empresarial del noroeste S.R.L;Antamapu;;;;;;;;;;;;
75-1VC;1.0;2026-04-22;2026-04-14;NO UE;0290-003;V;2.0;Agricola Mares;Claudia;;;;;;;;;;;;
75-4V;1.0;2026-04-22;2026-04-14;NO UE;0541-001;V;3.0;Fruit Crop;Los Chicos;;;;;;;;;;;;
76-3VO;1.0;2026-04-22;2026-04-14;NO UE;0290-003;V;3.0;Agricola Mares;Claudia;;;;;;;;;;;;
77-6V;1.0;2026-04-22;2026-04-14;NO UE;0290-003;V;16.0;Agricola Mares;Claudia;;;;;;;;;;;;
79-3V;1.0;2026-04-22;2026-04-14;NO UE;0290-003;V;13.0;Agricola Mares;Claudia;;;;;;;;;;;;
104-6P;1.0;2026-04-23;2026-04-19;UE;0793-001;PC;5.0;Fruit Crop;Yaquilo;;;;;;;;;;;;
104-5P;1.0;2026-04-23;2026-04-19;UE;0793-001;PC;27.0;Fruit Crop;Yaquilo;;;;;;;;;;;;
90-10P;1.0;2026-04-23;2026-04-17;UE;0793-001;PC;27.0;Fruit Crop;Yaquilo;;;;;;;;;;;;
97-2P;1.0;2026-04-23;2026-04-17;UE;0793-001;PC;17.0;Fruit Crop;Yaquilo;;;;;;;;;;;;
104-2P;1.0;2026-04-23;2026-04-19;UE;0793-001;PC;17.0;Fruit Crop;Yaquilo;;;;;;;;;;;;
80-9V;1.0;2026-04-23;2026-04-15;UE;0793-001;V;34.0;Fruit Crop;Yaquilo;;;;;;;;;;;;
85-9VC;1.0;2026-04-23;2026-04-16;UE;0793-001;VC;13.0;Fruit Crop;Yaquilo;;;;;;;;;;;;
85-5VO;1.0;2026-04-23;2026-04-18;UE;0793-001;VO;15.0;Fruit Crop;Yaquilo;;;;;;;;;;;;
90-3V;1.0;2026-04-23;2026-04-17;UE;0793-001;V;28.0;Fruit Crop;Yaquilo;;;;;;;;;;;;
85-6VO;1.0;2026-04-23;2026-04-16;UE;0793-001;VO;39.0;Fruit Crop;Yaquilo;;;;;;;;;;;;
104-4V;1.0;2026-04-23;2026-04-19;UE;0793-001;V;11.0;Fruit Crop;Yaquilo;;;;;;;;;;;;
90-4V;1.0;2026-04-23;2026-04-17;UE;0793-001;V;36.0;Fruit Crop;Yaquilo;;;;;;;;;;;;
85-11VO;1.0;2026-04-23;2026-04-16;UE;0793-001;VO;37.0;Fruit Crop;Yaquilo;;;;;;;;;;;;
85-10V;1.0;2026-04-23;2026-04-16;UE;0793-001;V;27.0;Fruit Crop;Yaquilo;;;;;;;;;;;;
97-3VC;1.0;2026-04-23;2026-04-17;UE;0793-001;VC;10.0;Fruit Crop;Yaquilo;;;;;;;;;;;;
90-5VO;1.0;2026-04-23;2026-04-17;UE;0793-001;VO;26.0;Fruit Crop;Yaquilo;;;;;;;;;;;;
90-8VC;1.0;2026-04-23;2026-04-17;UE;0793-001;VC;14.0;Fruit Crop;Yaquilo;;;;;;;;;;;;
104-3VC;1.0;2026-04-23;2026-04-19;UE;0793-001;VC;30.0;Fruit Crop;Yaquilo;;;;;;;;;;;;
97-4V;1.0;2026-04-23;2026-04-17;UE;0793-001;V;6.0;Fruit Crop;Yaquilo;;;;;;;;;;;;
19-3VO;;;;;;;;;;;;;;;;;;;;;
20-3VO;;;;;;;;;;;;;;;;;;;;;
20-8VO;;;;;;;;;;;;;;;;;;;;;
20-10VO;;;;;;;;;;;;;;;;;;;;;
16-3VO;;;;;;;;;;;;;;;;;;;;;
21-4VC;;;;;;;;;;;;;;;;;;;;;
21-6VC;;;;;;;;;;;;;;;;;;;;;
31-2V;;;;;;;;;;;;;;;;;;;;;
44-4VO;;;;;;;;;;;;;;;;;;;;;
30-4V;1.0;2026-04-08;2026-03-30;UE;0793-001;V;30.0;Fruit Crop;Yaquilo;;;;;;;;;;;;
30-2V;1.0;2026-04-08;2026-03-30;UE;0793-001;V;30.0;Fruit Crop;Yaquilo;;;;;;;;;;;;
30-3VO;1.0;2026-04-08;2026-03-30;UE;0793-001;V;29.0;Fruit Crop;Yaquilo;;;;;;;;;;;;
30-1VC;1.0;2026-04-08;2026-03-30;UE;0793-001;V;20.0;Fruit Crop;Yaquilo;;;;;;;;;;;;
41-5VO;1.0;2026-04-08;2026-04-01;UE;0793-003;V;33.0;Fruit Crop;Yaquilo;;;;;;;;;;;;
41-4V;1.0;2026-04-08;2026-04-01;UE;0793-003;V;27.0;Fruit Crop;Yaquilo;;;;;;;;;;;;
41-6V;1.0;2026-04-08;2026-04-01;UE;0793-003;V;12.0;Fruit Crop;Yaquilo;;;;;;;;;;;;
34-3VO;1.0;2026-04-08;2026-03-31;UE;0793-002;V;29.0;Fruit Crop;Yaquilo;;;;;;;;;;;;
34-1VC;1.0;2026-04-08;2026-03-31;UE;0793-002;V;17.0;Fruit Crop;Yaquilo;;;;;;;;;;;;
34-5VO;1.0;2026-04-08;2026-03-31;UE;0793-002;V;30.0;Fruit Crop;Yaquilo;;;;;;;;;;;;
47-6V;1.0;2026-04-08;2026-04-02;UE;0793-004;V;16.0;Fruit Crop;Yaquilo;;;;;;;;;;;;
48-6P;1.0;2026-04-08;2026-04-04;UE;0793-004;V;6.0;Fruit Crop;Yaquilo;;;;;;;;;;;;
38-4VC;1.0;2026-04-11;2026-04-01;NO UE;0669-001;VC;8.0;Greenpack;Tajamar;;;;;;;;;;;;
85-9V;;;;;;;;;;;;;;;;;;;;;
88-5V;1.0;2026-04-24;2026-04-16;UE;0136-014;V;6.0;Vision Empresarial del noroeste S.R.L;Antamapu;;;;;;;;;;;;
86-3V;1.0;2026-04-24;2026-04-16;UE;0136-014;V;2.0;Vision Empresarial del noroeste S.R.L;Antamapu;;;;;;;;;;;;
95-3V;1.0;2026-04-24;2026-04-17;UE;0136-014;V;10.0;Vision Empresarial del noroeste S.R.L;Antamapu;;;;;;;;;;;;
87-5V;1.0;2026-04-24;2026-04-17;UE;0136-016;V;5.0;Vision Empresarial del noroeste S.R.L;Antamapu;;;;;;;;;;;;
96-4V;1.0;2026-04-24;2026-04-17;UE;0136-016;V;17.0;Vision Empresarial del noroeste S.R.L;Antamapu;;;;;;;;;;;;
96-2P;1.0;2026-04-24;2026-04-17;UE;0136-016;V;10.0;Vision Empresarial del noroeste S.R.L;Antamapu;;;;;;;;;;;;
87-4V;1.0;2026-04-24;2026-04-16;UE;0136-016;V;16.0;Vision Empresarial del noroeste S.R.L;Antamapu;;;;;;;;;;;;
88-3VC;1.0;2026-04-24;2026-04-16;NO UE;0136-014;VC;7.0;Vision Empresarial del noroeste S.R.L;Antamapu;;;;;;;;;;;;
88-7V;1.0;2026-04-24;2026-04-16;NO UE;0136-014;V;4.0;Vision Empresarial del noroeste S.R.L;Antamapu;;;;;;;;;;;;
86-8VC;1.0;2026-04-24;2026-04-16;NO UE;0136-014;VC;2.0;Vision Empresarial del noroeste S.R.L;Antamapu;;;;;;;;;;;;
61-5V;1.0;2026-04-24;2026-04-11;NO UE;0669-005;V;11.0;Greenpack;Tajamar;;;;;;;;;;;;
86-7VO;1.0;2026-04-24;2026-04-16;NO UE;0136-014;VO;2.0;Vision Empresarial del noroeste S.R.L;Antamapu;;;;;;;;;;;;
87-6V;1.0;2026-04-24;2026-04-16;NO UE;0136-016;V;3.0;Vision Empresarial del noroeste S.R.L;Antamapu;;;;;;;;;;;;
87-7V;1.0;2026-04-24;2026-04-16;NO UE;0136-016;V;6.0;Vision Empresarial del noroeste S.R.L;Antamapu;;;;;;;;;;;;
92-3VC;1.0;2026-04-24;2026-04-17;NO UE;0669-008;VC;27.0;Greenpack;Tajamar;;;;;;;;;;;;
91-6V;1.0;2026-04-24;2026-04-17;NO UE;0669-008;V;8.0;Greenpack;Tajamar;;;;;;;;;;;;
65-4VO;1.0;2026-04-24;2026-04-13;NO UE;0669-006;VO;13.0;Greenpack;Tajamar;;;;;;;;;;;;
82-5V;1.0;2026-04-24;2026-04-15;NO UE;0669-006;V;6.0;Greenpack;Tajamar;;;;;;;;;;;;
83-5V;1.0;2026-04-24;2026-04-16;NO UE;0669-008;V;9.0;Greenpack;Tajamar;;;;;;;;;;;;
81-4VO;1.0;2026-04-24;2026-04-15;NO UE;0669-006;VO;11.0;Greenpack;Tajamar;;;;;;;;;;;;
82-7VO;1.0;2026-04-24;2026-04-15;NO UE;0669-006;VO;4.0;Greenpack;Tajamar;;;;;;;;;;;;
70-4VO;1.0;2026-04-24;2026-04-13;NO UE;0669-006;VO;10.0;Greenpack;Tajamar;;;;;;;;;;;;
67-5VO;1.0;2026-04-24;2026-04-13;NO UE;0136-014;VO;1.0;Vision Empresarial del noroeste S.R.L;Antamapu;;;;;;;;;;;;
71-5VO;1.0;2026-04-24;2026-04-13;NO UE;0136-014;VO;2.0;Vision Empresarial del noroeste S.R.L;Antamapu;;;;;;;;;;;;
69-5VO;1.0;2026-04-24;2026-04-13;NO UE;0136-014;VO;2.0;Vision Empresarial del noroeste S.R.L;Antamapu;;;;;;;;;;;;
68-5VO;1.0;2026-04-24;2026-04-13;NO UE;0136-016;VO;3.0;Vision Empresarial del noroeste S.R.L;Antamapu;;;;;;;;;;;;
60-5V;1.0;2026-04-24;2026-04-10;USA;0669-001;V;12.0;Greenpack;Tajamar;;;;;;;;;;;;
70-3V;1.0;2026-04-24;2026-04-13;USA;0669-006;V;8.0;Greenpack;Tajamar;;;;;;;;;;;;
81-2VC;1.0;2026-04-24;2026-04-15;USA;0669-006;VC;6.0;Greenpack;Tajamar;;;;;;;;;;;;
61-3V;1.0;2026-04-24;2026-04-11;USA;0669-005;V;24.0;Greenpack;Tajamar;;;;;;;;;;;;
65-3VC;1.0;2026-04-24;2026-04-13;USA;0669-006;VC;10.0;Greenpack;Tajamar;;;;;;;;;;;;
78-2V;1.0;2026-04-24;2026-04-15;USA;0669-006;V;12.0;Greenpack;Tajamar;;;;;;;;;;;;
75-3VO;1.0;2026-04-24;2026-04-14;USA;0541-001;VO;10.0;Fruit Crop;Los Chicos;;;;;;;;;;;;
74-3VO;1.0;2026-04-24;2026-04-14;USA;0541-002;VO;17.0;Fruit Crop;Los Chicos;;;;;;;;;;;;
74-2V;1.0;2026-04-24;2026-04-14;USA;0541-002;V;12.0;Fruit Crop;Los Chicos;;;;;;;;;;;;
83-2P;1.0;2026-04-24;2026-04-16;USA;0669-008;PC;9.0;Greenpack;Tajamar;;;;;;;;;;;;
82-6VO;1.0;2026-04-24;2026-04-15;USA;0669-006;VO;2.0;Greenpack;Tajamar;;;;;;;;;;;;
82-4V;1.0;2026-04-24;2026-04-15;USA;0669-006;V;3.0;Greenpack;Tajamar;;;;;;;;;;;;
83-4V;1.0;2026-04-24;2026-04-16;USA;0669-008;V;22.0;Greenpack;Tajamar;;;;;;;;;;;;
79-3VO;1.0;2026-04-24;2026-04-17;USA;0290-003;VO;3.0;Agricola Mares;Claudia;;;;;;;;;;;;
77-3V;1.0;2026-04-24;2026-04-15;USA;0290-003;V;1.0;Agricola Mares;Claudia;;;;;;;;;;;;
89-3VO;1.0;2026-04-24;2026-04-17;USA;0290-003;VO;24.0;Agricola Mares;Claudia;;;;;;;;;;;;
64-8V;1.0;2026-04-24;2026-04-13;USA;0290-003;V;14.0;Agricola Mares;Claudia;;;;;;;;;;;;
87-5VO;;;;;;;;;;;;;;;;;;;;;
90-3VC;;;;;;;;;;;;;;;;;;;;;
65-3V;;;;;;;;;;;;;;;;;;;;;
95-2P;2.0;2026-04-25;2026-04-17;NO UE;0136-014;PC;12.0;Vision Empresarial del noroeste S.R.L;Antamapu;;;;;;;;;;;;
88-6VO;2.0;2026-04-25;2026-04-16;NO UE;0136-014;VO;6.0;Vision Empresarial del noroeste S.R.L;Antamapu;;;;;;;;;;;;
83-8V;2.0;2026-04-25;2026-04-16;NO UE;0669-008;V;21.0;Greenpack;Tajamar;;;;;;;;;;;;
83-10VO;2.0;2026-04-25;2026-04-16;NO UE;0669-008;VO;16.0;Greenpack;Tajamar;;;;;;;;;;;;
98-7VO;2.0;2026-04-25;2026-04-18;NO UE;0669-008;VO;3.0;Greenpack;Tajamar;;;;;;;;;;;;
99-7VO;2.0;2026-04-25;2026-04-18;NO UE;0669-008;VO;9.0;Greenpack;Tajamar;;;;;;;;;;;;
105-5VO;2.0;2026-04-25;2026-04-20;NO UE;0669-008;VO;3.0;Greenpack;Tajamar;;;;;;;;;;;;
92-8V;2.0;2026-04-25;2026-04-17;NO UE;0669-008;V;13.0;Greenpack;Tajamar;;;;;;;;;;;;
105-4V;2.0;2026-04-25;2026-04-20;NO UE;0669-008;V;3.0;Greenpack;Tajamar;;;;;;;;;;;;
100-7V;2.0;2026-04-25;2026-04-18;NO UE;0669-008;V;11.0;Greenpack;Tajamar;;;;;;;;;;;;
91-7V;2.0;2026-04-25;2026-04-17;NO UE;0669-008;V;1.0;Greenpack;Tajamar;;;;;;;;;;;;
100-8V;2.0;2026-04-25;2026-04-18;NO UE;0669-008;V;3.0;Greenpack;Tajamar;;;;;;;;;;;;
99-3V;2.0;2026-04-25;2026-04-18;NO UE;0669-008;V;21.0;Greenpack;Tajamar;;;;;;;;;;;;
81-3V;2.0;2026-04-25;2026-04-15;NO UE;0669-006;V;9.0;Greenpack;Tajamar;;;;;;;;;;;;
78-3V;2.0;2026-04-25;2026-04-15;NO UE;0669-008;V;26.0;Greenpack;Tajamar;;;;;;;;;;;;
106-1A;;;;;;;;;;;;;;;;;;;;;
106-2P;;;;;;;;;;;;;;;;;;;;;
106-6A;;;;;;;;;;;;;;;;;;;;;
106-7A;;;;;;;;;;;;;;;;;;;;;
106-9A;;;;;;;;;;;;;;;;;;;;;
77-3VO;;;;;;;;;;;;;;;;;;;;;
84-2VO;;;;;;;;;;;;;;;;;;;;;
91-5V;;;;;;;;;;;;;;;;;;;;;
83-7V;;;;;;;;;;;;;;;;;;;;;
88-4VO;;;;;;;;;;;;;;;;;;;;;
92-5V;;;;;;;;;;;;;;;;;;;;;
92-6VO;;;;;;;;;;;;;;;;;;;;;
87-7VO;;;;;;;;;;;;;;;;;;;;;
99-8V;;;;;;;;;;;;;;;;;;;;;
99-5V;;;;;;;;;;;;;;;;;;;;;
98-5V;;;;;;;;;;;;;;;;;;;;;
96-5V;;;;;;;;;;;;;;;;;;;;;
100-3V;;;;;;;;;;;;;;;;;;;;;
83-7VO;;;;;;;;;;;;;;;;;;;;;
91-5VC;;;;;;;;;;;;;;;;;;;;;
95-7V;;;;;;;;;;;;;;;;;;;;;
86-6V;;;;;;;;;;;;;;;;;;;;;
108-1A;1.0;2026-04-27;2026-04-24;UE;0793-002;A;36.0;Fruit Crop;Yaquilo;;;;;;;;;;;;
108-8A;1.0;2026-04-27;2026-04-24;UE;0793-002;A;36.0;Fruit Crop;Yaquilo;;;;;;;;;;;;
108-5A;1.0;2026-04-27;2026-04-24;UE;0793-002;A;36.0;Fruit Crop;Yaquilo;;;;;;;;;;;;
112-1A;1.0;2026-04-27;2026-04-25;UE;0793-002;A;26.0;Fruit Crop;Yaquilo;;;;;;;;;;;;
108-10A;1.0;2026-04-27;2026-04-24;UE;0793-002;A;16.0;Fruit Crop;Yaquilo;;;;;;;;;;;;
89-2V;1.0;2026-04-27;2026-04-16;USA;0290-003;V;27.0;Agricola Mares;Claudia;;;;;;;;;;;;
101-2V;1.0;2026-04-27;2026-04-18;USA;0290-003;V;33.0;Agricola Mares;Claudia;;;;;;;;;;;;
89-5VC;1.0;2026-04-27;2026-04-16;USA;0290-003;VC;29.0;Agricola Mares;Claudia;;;;;;;;;;;;
103-2VC;1.0;2026-04-27;2026-04-18;USA;0290-003;VC;14.0;Agricola Mares;Claudia;;;;;;;;;;;;
89-9V;1.0;2026-04-27;2026-04-16;USA;0290-003;V;5.0;Agricola Mares;Claudia;;;;;;;;;;;;
89-8VO;1.0;2026-04-27;2026-04-16;USA;0290-003;VO;22.0;Agricola Mares;Claudia;;;;;;;;;;;;
84-1V;1.0;2026-04-27;2026-04-16;USA;0290-003;V;21.0;Agricola Mares;Claudia;;;;;;;;;;;;
89-4V;1.0;2026-04-27;2026-04-16;USA;0290-003;V;29.0;Agricola Mares;Claudia;;;;;;;;;;;;
64-8VO;1.0;2026-04-27;2026-04-13;USA;0290-003;VO;9.0;Agricola Mares;Claudia;;;;;;;;;;;;
72-3V;1.0;2026-04-27;2026-04-14;USA;0290-003;V;18.0;Agricola Mares;Claudia;;;;;;;;;;;;
107-1A;1.0;2026-04-27;2026-04-25;USA;0290-004;A;12.0;Agricola Mares;Claudia;;;;;;;;;;;;
101-1A;1.0;2026-04-27;2026-04-18;USA;0290-003;A;13.0;Agricola Mares;Claudia;;;;;;;;;;;;
101-5V;1.0;2026-04-27;2026-04-18;USA;0290-003;V;5.0;Agricola Mares;Claudia;;;;;;;;;;;;
103-4VO;1.0;2026-04-27;2026-04-18;USA;0290-003;VO;4.0;Agricola Mares;Claudia;;;;;;;;;;;;
94-2VC;1.0;2026-04-27;2026-04-17;USA;0290-003;VC;15.0;Agricola Mares;Claudia;;;;;;;;;;;;
89-7V;1.0;2026-04-27;2026-04-16;USA;0290-003;V;30.0;Agricola Mares;Claudia;;;;55+30+23+6+59+20;;;;;;;;
93-4VC;1.0;2026-04-27;2026-04-17;USA;0290-003;VC;24.0;Agricola Mares;Claudia;;;;55;;;;;;;;
115-1A;1.0;2026-04-28;2026-04-26;UE;0793-002;A;36.0;Fruit Crop;Yaquilo;;;;23;;;;;;;;
115-5A;1.0;2026-04-28;2026-04-26;UE;0793-002;A;35.0;Fruit Crop;Yaquilo;;;;6;;;;;;;;
115-8A;1.0;2026-04-28;2026-04-26;UE;0793-002;A;22.0;Fruit Crop;Yaquilo;;;;59;;;;;;;;
115-7PC;1.0;2026-04-28;2026-04-26;UE;0793-002;PC;20.0;Fruit Crop;Yaquilo;;;;20;;;;;;;;
93-3VO;1.0;2026-04-28;2026-04-17;USA;0290-003;VO;17.0;Agricola Mares;Claudia;;;;;;;;;;;;
84-2V;1.0;2026-04-28;2026-04-16;USA;0290-003;V;28.0;Agricola Mares;Claudia;;;;;;;;;;;;
93-6V ;1.0;2026-04-28;2026-04-17;USA;0290-003;V;17.0;Agricola Mares;Claudia;;;;;;;;;;;;
93-2V;1.0;2026-04-28;2026-04-17;USA;0290-003;V;20.0;Agricola Mares;Claudia;;;;;;;;;;;;
101-4VC;1.0;2026-04-28;2026-04-18;USA;0290-003;VC;22.0;Agricola Mares;Claudia;;;;;;;;;;;;
84-4V;1.0;2026-04-28;2026-04-16;USA;0290-003;V;14.0;Agricola Mares;Claudia;;;;;;;;;;;;
94-4VO;1.0;2026-04-28;2026-04-17;USA;0290-003;VO;7.0;Agricola Mares;Claudia;;;;;;;;;;;;
103-1PC;1.0;2026-04-28;2026-04-18;USA;0290-003;PC;5.0;Agricola Mares;Claudia;;;;;;;;;;;;
89-1A;1.0;2026-04-28;2026-04-16;USA;0290-003;A;3.0;Agricola Mares;Claudia;;;;;;;;;;;;
93-5V;1.0;2026-04-28;2026-04-17;USA;0290-003;V;30.0;Agricola Mares;Claudia;;;;;;;;;;;;
94-3V;1.0;2026-04-28;2026-04-17;USA;0290-003;V;27.0;Agricola Mares;Claudia;;;;;;;;;;;;
103-3V;1.0;2026-04-28;2026-04-18;USA;0290-003;V;16.0;Agricola Mares;Claudia;;;;;;;;;;;;
101-3VO;1.0;2026-04-28;2026-04-18;USA;0290-003;VO;17.0;Agricola Mares;Claudia;;;;;;;;;;;;
89-6VO;1.0;2026-04-28;2026-04-16;USA;0290-003;VO;30.0;Agricola Mares;Claudia;;;;;;;;;;;;
109-1A;1.0;2026-04-28;2026-04-25;USA;0290-004;A;21.0;Agricola Mares;Claudia;;;;;;;;;;;;
114-9A;1.0;2026-04-28;2026-04-25;USA;0290-004;A;7.0;Agricola Mares;Claudia;;;;;;;;;;;;
114-1A;1.0;2026-04-28;2026-04-25;USA;0290-004;A;6.0;Agricola Mares;Claudia;;;;;;;;;;;;
113-1A;1.0;2026-04-28;2026-04-25;USA;0290-004;A;15.0;Agricola Mares;Claudia;;;;;;;;;;;;
117-1PC;1.0;2026-04-28;2026-04-26;USA;0290-004;PC;2.0;Agricola Mares;Maria del Rosario;;;;;;;;;;;;
102-4V;1.0;2026-04-28;2026-04-18;USA;0291-014;V;6.0;Agricola Mares;Maria del Rosario;;;;;;;;;;;;
102-2PC;1.0;2026-04-28;2026-04-18;USA;0291-014;PC;4.0;Agricola Mares;Maria del Rosario;;;;;;;;;;;;
102-1A;1.0;2026-04-28;2026-04-18;USA;0291-014;A;3.0;Agricola Mares;Maria del Rosario;;;;;;;;;;;;
102-5VO;1.0;2026-04-28;2026-04-18;USA;0291-014;VO;5.0;Agricola Mares;Maria del Rosario;;;;;;;;;;;;
102-6V;1.0;2026-04-28;2026-04-18;USA;0291-014;V;11.0;Agricola Mares;Maria del Rosario;;;;;;;;;;;;
81-4V;1.0;2026-04-28;2026-04-15;USA;0669-006;V;8.0;Greenpack;Tajamar;;;;;;;;;;;;
92-2P;;;;;;;;;;;;;;;;;;;;;
100-6VO;;;;;;;;;;;;;;;;;;;;;
106-10VC;1.0;2026-04-29;2026-04-24;UE;0793-002;VC;7.0;Fruit Crop;Yaquilo;;;;;;;;;;;;
118-1PC;1.0;2026-04-29;2026-04-26;NO UE;0669-002;PC;19.0;Greenpack;Tajamar;;;;;;;;;;;;
119-14A;1.0;2026-04-29;2026-04-26;NO UE;0669-002;A;6.0;Greenpack;Tajamar;;;;;;;;;;;;
123-1A;1.0;2026-04-29;2026-04-28;NO UE;0669-002;A;13.0;Greenpack;Tajamar;;;;;;;;;;;;
117-7PC;1.0;2026-04-29;2026-04-26;NO UE;0290-004;PC;7.0;Agricola Mares;Claudia;;;;;;;;;;;;
117-8PC;1.0;2026-04-29;2026-04-26;NO UE;0290-004;PC;8.0;Agricola Mares;Claudia;;;;;;;;;;;;
116-1A;1.0;2026-04-29;2026-04-26;NO UE;0290-004;A;7.0;Agricola Mares;Claudia;;;;;;;;;;;;
122-1A;1.0;2026-04-29;2026-04-28;NO UE;0290-004;A;25.0;Agricola Mares;Claudia;;;;;;;;;;;;
78-3VO;;;;;;;;;;;;;;;;;;;;;
93-6V;;;;;;;;;;;;;;;;;;;;;
88-6V;;;;;;;;;;;;;;;;;;;;;
91-7VO;;;;;;;;;;;;;;;;;;;;;
95-7VO;;;;;;;;;;;;;;;;;;;;;
96-3VC;;;;;;;;;;;;;;;;;;;;;
99-3VC;;;;;;;;;;;;;;;;;;;;;
100-3VC;;;;;;;;;;;;;;;;;;;;;
100-8VO;;;;;;;;;;;;;;;;;;;;;
102-2P;;;;;;;;;;;;;;;;;;;;;
102-3VC;;;;;;;;;;;;;;;;;;;;;
102-6VC;;;;;;;;;;;;;;;;;;;;;
103-1P;;;;;;;;;;;;;;;;;;;;;
105-3VC;;;;;;;;;;;;;;;;;;;;;
106-3VC;;;;;;;;;;;;;;;;;;;;;
106-5VC;;;;;;;;;;;;;;;;;;;;;
106-8A;;;;;;;;;;;;;;;;;;;;;
106-10VO;;;;;;;;;;;;;;;;;;;;;
108-2VC;;;;;;;;;;;;;;;;;;;;;
108-3VC;;;;;;;;;;;;;;;;;;;;;
114-8A;;;;;;;;;;;;;;;;;;;;;
115-4VC;;;;;;;;;;;;;;;;;;;;;
117-1P;;;;;;;;;;;;;;;;;;;;;
108-6VC;;;;;;;;;;;;;;;;;;;;;
108-7VC;;;;;;;;;;;;;;;;;;;;;
108-9VC;;;;;;;;;;;;;;;;;;;;;
111-6VO;;;;;;;;;;;;;;;;;;;;;
112-2VC;;;;;;;;;;;;;;;;;;;;;
112-5VC;;;;;;;;;;;;;;;;;;;;;
112-6VC;;;;;;;;;;;;;;;;;;;;;
113-7A;1.0;2026-04-29;2026-04-25;NO UE;0290-004;A;6.0;Agricola Mares;Claudia;;;;;;;;;;;;
121-1A;1.0;2026-04-29;2026-04-28;NO UE;0290-004;A;16.0;Agricola Mares;Claudia;;;;;;;;;;;;
109-10A;1.0;2026-04-29;2026-04-25;NO UE;0290-004;A;6.0;Agricola Mares;Claudia;;;;;;;;;;;;
110-9A;1.0;2026-04-29;2026-04-25;NO UE;0290-004;A;1.0;Agricola Mares;Claudia;;;;;;;;;;;;
110-1A;1.0;2026-04-29;2026-04-25;NO UE;0290-004;A;9.0;Agricola Mares;Claudia;;;;;;;;;;;;
108-4V;1.0;2026-04-30;2026-04-24;UE;0793-002;V;17.0;Fruit Crop;Yaquilo;;;;;;;;;;;;
124-1A;1.0;2026-04-30;2026-04-28;UE;0793-002;A;35.0;Fruit Crop;Yaquilo;;;;;;;;;;;;
124-2PC;1.0;2026-04-30;2026-04-28;UE;0793-002;PC;27.0;Fruit Crop;Yaquilo;;;;;;;;;;;;
124-6A;1.0;2026-04-30;2026-04-28;UE;0793-002;A;36.0;Fruit Crop;Yaquilo;;;;;;;;;;;;
115-2VC;1.0;2026-04-30;2026-04-26;UE;0793-002;VC;33.0;Fruit Crop;Yaquilo;;;;;;;;;;;;
92-2PC;1.0;2026-04-30;2026-04-17;USA;0669-008;PC;4.0;Greenpack;Tajamar;;;;;;;;;;;;
92-1A;1.0;2026-04-30;2026-04-17;USA;0669-008;A;2.0;Greenpack;Tajamar;;;;;;;;;;;;
99-6VO;1.0;2026-04-30;2026-04-18;USA;0669-008;VO;4.0;Greenpack;Tajamar;;;;;;;;;;;;
98-1A;1.0;2026-04-30;2026-04-18;USA;0669-008;A;1.0;Greenpack;Tajamar;;;;;;;;;;;;
91-3V;1.0;2026-04-30;2026-04-17;USA;0669-008;V;5.0;Greenpack;Tajamar;;;;;;;;;;;;
99-2PC;1.0;2026-04-30;2026-04-18;USA;0669-008;PC;4.0;Greenpack;Tajamar;;;;;;;;;;;;
92-4V;1.0;2026-04-30;2026-04-17;USA;0669-008;V;8.0;Greenpack;Tajamar;;;;;;;;;;;;
91-2P;1.0;2026-04-30;2026-04-17;USA;0669-008;PC;4.0;Greenpack;Tajamar;;;;;;;;;;;;
98-2P;1.0;2026-04-30;2026-04-18;USA;0669-008;PC;1.0;Greenpack;Tajamar;;;;;;;;;;;;
100-2PC;1.0;2026-04-30;2026-04-18;USA;0669-008;PC;1.0;Greenpack;Tajamar;;;;;;;;;;;;
92-7VO;1.0;2026-04-30;2026-04-17;USA;0669-008;VO;3.0;Greenpack;Tajamar;;;;;;;;;;;;
91-1A;1.0;2026-04-30;2026-04-17;USA;0669-008;A;1.0;Greenpack;Tajamar;;;;;;;;;;;;
91-4VO;1.0;2026-04-30;2026-04-17;USA;0669-008;VO;1.0;Greenpack;Tajamar;;;;;;;;;;;;
83-6VO;1.0;2026-04-30;2026-04-16;USA;0668-008;VO;17.0;Greenpack;Tajamar;;;;;;;;;;;;
98-4V;1.0;2026-04-30;2026-04-18;USA;0669-008;V;1.0;Greenpack;Tajamar;;;;;;;;;;;;
99-4V;1.0;2026-04-30;2026-04-18;USA;0669-008;V;11.0;Greenpack;Tajamar;;;;;;;;;;;;
100-4V;1.0;2026-04-30;2026-04-18;USA;0669-008;V;4.0;Greenpack;Tajamar;;;;;;;;;;;;
99-1A;1.0;2026-04-30;2026-04-18;USA;0669-008;A;2.0;Greenpack;Tajamar;;;;;;;;;;;;
78-4V;1.0;2026-04-30;2026-04-15;USA;0669-006;V;24.0;Greenpack;Tajamar;;;;;;;;;;;;
120-1A;1.0;2026-04-30;2026-04-20;USA;0419-001;A;13.0;Greyco;El Molino;;;;;;;;;;;;
111-2VC;1.0;2026-04-30;2026-04-25;USA;0419-001;VC;23.0;Greyco;El Molino;;;;;;;;;;;;
111-1A;1.0;2026-04-30;2026-04-25;USA;0419-001;A;18.0;Greyco;El Molino;;;;;;;;;;;;
100-6V;1.0;2026-04-30;2026-04-18;USA;0669-008;V;1.0;Greenpack;Tajamar;;;;;;;;;;;;
107-2VC;1.0;2026-04-30;2026-04-25;USA;0290-004;VC;13.0;Agricola Mares;Claudia;;;;;;;;;;;;
110-4VO;1.0;2026-04-30;2026-04-25;USA;0290-004;VO;9.0;Agricola Mares;Claudia;;;;;;;;;;;;
110-3V;1.0;2026-04-30;2026-04-25;USA;0290-004;V;18.0;Agricola Mares;Claudia;;;;;;;;;;;;
109-9V;1.0;2026-04-30;2026-04-25;NO UE;0290-004;V;12.0;Agricola Mares;Claudia;;;;;;;;;;;;
109-7V;1.0;2026-04-30;2026-04-25;NO UE;0290-004;V;30.0;Agricola Mares;Claudia;;;;;;;;;;;;
109-8VO;1.0;2026-04-30;2026-04-25;NO UE;0290-004;VO;21.0;Agricola Mares;Claudia;;;;;;;;;;;;
113-6V;1.0;2026-04-30;2026-04-25;NO UE;0290-004;V;9.0;Agricola Mares;Claudia;;;;;;;;;;;;
109-12V;1.0;2026-04-30;2026-04-25;NO UE;0290-004;V;22.0;Agricola Mares;Claudia;;;;;;;;;;;;
111-5V;1.0;2026-05-02;2026-04-25;NO UE;0419-001;V;14.0;Greyco;El Molino;;;;;;;;;;;;
111-3VC;1.0;2026-05-02;2026-04-25;NO UE;0419-001;VC;8.0;Greyco;El Molino;;;;;;;;;;;;
111-8V;1.0;2026-05-02;2026-04-25;NO UE;0419-001;V;10.0;Greyco;El Molino;;;;;;;;;;;;
125-1A;1.0;2026-05-02;2026-04-28;NO UE;0419-001;A;16.0;Greyco;El Molino;;;;;;;;;;;;
134-1A;1.0;2026-05-02;2026-04-29;NO UE;0669-002;A;5.0;Greenpack;Tajamar;;;;;;;;;;;;
126-1A;1.0;2026-05-02;2026-04-28;NO UE;0669-002;A;4.0;Greenpack;Tajamar;;;;;;;;;;;;
128-1A;1.0;2026-05-02;2026-03-28;NO UE;0669-002;A;6.0;Greenpack;Tajamar;;;;;;;;;;;;
118-6V;1.0;2026-05-02;2026-04-26;NO UE;0669-002;V;16.0;Greenpack;Tajamar;;;;;;;;;;;;
135-1A;1.0;2026-05-02;2026-04-29;NO UE;0136-014;A;2.0;Vision Empresarial del noroeste S.R.L;Antamapu;;;;;;;;;;;;
132-2A;1.0;2026-05-02;2026-04-29;NO UE;0136-014;A;6.0;Vision Empresarial del noroeste S.R.L;Antamapu;;;;;;;;;;;;
136-1A;1.0;2026-05-02;2026-04-29;NO UE;0419-002;A;8.0;Greyco;El Molino;;;;;;;;;;;;
113-5VC;1.0;2026-05-02;2026-04-25;NO UE;0290-004;VC;21.0;Agricola Mares;Claudia;;;;;;;;;;;;
109-11PC;1.0;2026-05-02;2026-04-25;NO UE;0290-004;PC;7.0;Agricola Mares;Claudia;;;;;;;;;;;;
110-6VO;1.0;2026-05-02;2026-04-25;NO UE;0290-004;VO;6.0;Agricola Mares;Claudia;;;;;;;;;;;;
110-5V;1.0;2026-05-02;2026-04-25;NO UE;0290-004;V;11.0;Agricola Mares;Claudia;;;;;;;;;;;;
113-8P;1.0;2026-05-02;2026-04-25;NO UE;0290-004;PC;6.0;Agricola Mares;Claudia;;;;;;;;;;;;
109-14VO;1.0;2026-04-02;2026-04-25;NO UE;0290-004;VO;21.0;Agricola Mares;Claudia;;;;;;;;;;;;
116-7VO;1.0;2026-05-02;2026-04-26;NO UE;0290-004;VO;5.0;Agricola Mares;Claudia;;;;;;;;;;;;
117-6VO;1.0;2026-05-02;2026-04-26;NO UE;0290-004;VO;35.0;Agricola Mares;Claudia;;;;;;;;;;;;
117-10VC;1.0;2026-05-02;2026-04-26;NO UE;0290-004;VC;4.0;Agricola Mares;Claudia;;;;;;;;;;;;
114-2VC;1.0;2026-05-02;2026-04-25;NO UE;0290-004;VC;8.0;Agricola Mares;Claudia;;;;;;;;;;;;
114-10VC;1.0;2026-05-02;2026-04-25;NO UE;0290-004;VC;6.0;Agricola Mares;Claudia;;;;;;;;;;;;
114-4V;1.0;2026-05-02;2026-04-25;NO UE;0290-004;V;30.0;Agricola Mares;Claudia;;;;;;;;;;;;
117-3V;1.0;2026-05-02;2026-04-26;NO UE;0290-004;V;28.0;Agricola Mares;Claudia;;;;;;;;;;;;
127-11A;1.0;2026-05-02;2026-04-28;NO UE;0290-004;A;3.0;Agricola Mares;Claudia;;;;;;;;;;;;
113-11PC;1.0;2026-05-02;2026-04-25;NO UE;0290-004;PC;5.0;Agricola Mares;Claudia;;;;;;;;;;;;
117-9VO;1.0;2026-05-02;2026-05-26;NO UE;0290-004;VO;18.0;Agricola Mares;Claudia;;;;;;;;;;;;
117-5VC;1.0;2026-05-02;2026-04-26;NO UE;0290-004;VC;11.0;Agricola Mares;Claudia;;;;;;;;;;;;
116-5V;1.0;2026-05-02;2026-04-26;NO UE;0290-004;V;15.0;Agricola Mares;Claudia;;;;;;;;;;;;
114-12V;1.0;2026-05-02;2026-04-25;NO UE;0290-004;V;11.0;Agricola Mares;Claudia;;;;;;;;;;;;
116-3VC;1.0;2026-05-02;2026-04-26;NO UE;0290-004;VC;9.0;Agricola Mares;Claudia;;;;;;;;;;;;
117-2VC;1.0;2026-05-02;2026-04-26;NO UE;0290-004;VC;9.0;Agricola Mares;Claudia;;;;;;;;;;;;
127-1A;1.0;2026-05-02;2026-04-28;NO UE;0290-004;A;32.0;Agricola Mares;Claudia;;;;;;;;;;;;
112-3V;1.0;2026-05-02;2026-04-25;UE;0793-002;V;5.0;Fruit Crop;Yaquilo;;;;;;;;;;;;
106-4V;1.0;2026-05-02;2026-04-24;UE;0793-002;V;2.0;Fruit Crop;Yaquilo;;;;;;;;;;;;
115-9VC;1.0;2026-05-02;2026-04-26;UE;0793-002;VC;10.0;Fruit Crop;Yaquilo;;;;;;;;;;;;
115-6VC;1.0;2026-05-02;2026-04-26;UE;0793-002;VC;31.0;Fruit Crop;Yaquilo;;;;;;;;;;;;
115-3V;1.0;2026-05-02;2026-04-26;UE;0793-002;V;13.0;Fruit Crop;Yaquilo;;;;;;;;;;;;
129-6A;1.0;2026-05-02;2026-04-29;UE;0793-002;A;3.0;Fruit Crop;Yaquilo;;;;;;;;;;;;
129-2PC;1.0;2026-05-02;2026-04-29;UE;0793-002;PC;12.0;Fruit Crop;Yaquilo;;;;;;;;;;;;
124-9A;1.0;2026-05-02;2026-04-28;UE;0793-002;A;6.0;Fruit Crop;Yaquilo;;;;;;;;;;;;
130-3VC;1.0;2026-05-04;2026-04-29;UE;0793-003;A;12.0;Fruit Crop;Yaquilo;;;;;;;;;;;;
131-3VC;1.0;2026-05-04;2026-04-29;UE;0793-003;A;9.0;Fruit Crop;Yaquilo;;;;;;;;;;;;
137-1A;1.0;2026-05-04;2026-04-30;UE;0793-003;A;29.0;Fruit Crop;Yaquilo;;;;;;;;;;;;
129-3VC;1.0;2026-05-04;2026-04-29;UE;0793-002;A;27.0;Fruit Crop;Yaquilo;;;;;;;;;;;;
130-5VC;1.0;2026-05-04;2026-04-30;UE;0793-003;A;11.0;Fruit Crop;Yaquilo;;;;;;;;;;;;
131-5VC;1.0;2026-05-04;2026-04-29;UE;0793-003;A;7.0;Fruit Crop;Yaquilo;;;;;;;;;;;;
129-5V;1.0;2026-05-04;2026-04-29;UE;0793-002;A;20.0;Fruit Crop;Yaquilo;;;;;;;;;;;;
130-1A;1.0;2026-05-04;2026-04-29;UE;0793-003;A;21.0;Fruit Crop;Yaquilo;;;;;;;;;;;;
131-8A;1.0;2026-05-04;2026-04-29;UE;0793-003;A;30.0;Fruit Crop;Yaquilo;;;;;;;;;;;;
131-1A;1.0;2026-05-04;2026-04-29;UE;0793-003;A;24.0;Fruit Crop;Yaquilo;;;;;;;;;;;;
140-1A;1.0;2026-05-04;2026-04-30;UE;0793-003;A;9.0;Fruit Crop;Yaquilo;;;;;;;;;;;;
131-2P;1.0;2026-05-04;2026-04-29;UE;0793-003;A;15.0;Fruit Crop;Yaquilo;;;;;;;;;;;;
130-2P;1.0;2026-05-04;2026-04-29;UE;0793-003;A;9.0;Fruit Crop;Yaquilo;;;;;;;;;;;;
137-2P;1.0;2026-05-04;2026-04-30;UE;0793-003;A;10.0;Fruit Crop;Yaquilo;;;;;;;;;;;;
131-9P;1.0;2026-05-04;2026-04-29;UE;0793-003;A;8.0;Fruit Crop;Yaquilo;;;;;;;;;;;;
129-7P;1.0;2026-05-04;2026-04-29;UE;0793-003;A;12.0;Fruit Crop;Yaquilo;;;;;;;;;;;;
129-1A;1.0;2026-05-04;2026-04-29;UE;0793-003;A;18.0;Fruit Crop;Yaquilo;;;;;;;;;;;;
124-3VC;2.0;2026-05-04;2026-04-28;UE;0793-002;VC;19.0;Fruit Crop;Yaquilo;;;;;;;;;;;;
139-5A;2.0;2026-05-04;2026-04-30;UE;0793-005;A;16.0;Fruit Crop;Yaquilo;;;;;;;;;;;;
138-1A;2.0;2026-05-04;2026-04-30;UE;0793-005;A;23.0;Fruit Crop;Yaquilo;;;;;;;;;;;;
141-2PC;2.0;2026-05-04;2026-05-01;UE;0793-005;PC;46.0;Fruit Crop;Yaquilo;;;;;;;;;;;;
141-1A;2.0;2026-05-04;2026-05-01;UE;0793-005;A;45.0;Fruit Crop;Yaquilo;;;;;;;;;;;;
139-1A;2.0;2026-05-04;2026-04-30;UE;0793-005;A;14.0;Fruit Crop;Yaquilo;;;;;;;;;;;;
127-9PC;2.0;2026-05-04;2026-04-28;NO UE;0290-004;PC;5.0;Agricola Mares;Claudia;;;;;;;;;;;;
113-9V;2.0;2026-05-04;2026-04-25;NO UE;0290-004;V;18.0;Agricola Mares;Claudia;;;;;;;;;;;;
113-10VO;2.0;2026-05-04;2026-04-25;NO UE;0290-004;VO;13.0;Agricola Mares;Claudia;;;;;;;;;;;;
114-6VO;2.0;2026-05-04;2026-04-25;NO UE;0290-004;VO;12.0;Agricola Mares;Claudia;;;;;;;;;;;;
114-14VO;2.0;2026-05-04;2026-04-25;NO UE;0290-004;VO;4.0;Agricola Mares;Claudia;;;;;;;;;;;;
118-3VO;2.0;2026-05-04;2026-04-26;NO UE;0669-002;VO;24.0;Greenpack;Tajamar;;;;;;;;;;;;
118-7VO;2.0;2026-05-04;2026-04-26;NO UE;0669-002;VO;21.0;Greenpack;Tajamar;;;;;;;;;;;;
133-1A;2.0;2026-05-04;2026-04-29;NO UE;0290-004;A;30.0;Agricola Mares;Claudia;;;;;;;;;;;;
138-2P;1.0;2026-05-05;2026-05-30;UE;0793-005;PC;9.0;Fruit Crop;Yaquilo;;;;;;;;;;;;
139-2P;1.0;2026-05-05;2026-05-30;UE;0793-005;A;25.0;Fruit Crop;Yaquilo;;;;;;;;;;;;
141-6A;1.0;2026-05-05;2026-05-30;UE;0793-005;A;36.0;Fruit Crop;Yaquilo;;;;;;;;;;;;
114-3V;1.0;2026-05-05;2026-04-25;USA;0290-004;V;12.0;Agricola Mares;Claudia;;;;;;;;;;;;
109-2P;1.0;2026-05-05;2026-04-26;USA;0290-004;PC;23.0;Agricola Mares;Claudia;;;;;;;;;;;;
113-4VO;1.0;2026-05-05;2026-04-25;USA;0290-004;VO;11.0;Agricola Mares;Claudia;;;;;;;;;;;;
113-2P;1.0;2026-05-05;2026-04-25;USA;0290-004;PC;21.0;Agricola Mares;Claudia;;;;;;;;;;;;
110-7V;1.0;2026-05-05;2026-04-25;USA;0290-004;V;17.0;Agricola Mares;Claudia;;;;;;;;;;;;
110-8VO;1.0;2026-05-05;2026-04-25;USA;0290-004;VO;7.0;Agricola Mares;Claudia;;;;;;;;;;;;
110-2VC;1.0;2026-05-05;2026-04-25;USA;0290-004;VC;12.0;Agricola Mares;Claudia;;;;;;;;;;;;
114-7V;1.0;2026-05-05;2026-04-25;USA;0290-004;V;6.0;Agricola Mares;Claudia;;;;;;;;;;;;
114-11V;1.0;2026-05-05;2026-04-25;USA;0290-004;V;15.0;Agricola Mares;Claudia;;;;;;;;;;;;
114-13;1.0;2026-05-05;2026-04-25;USA;0290-004;VO;3.0;Agricola Mares;Claudia;;;;;;;;;;;;
114-5VO;1.0;2026-05-05;2026-04-25;USA;0290-004;VO;5.0;Agricola Mares;Claudia;;;;;;;42;;;;;
116-6VO;1.0;2026-05-05;2026-04-26;USA;0290-004;VO;6.0;Agricola Mares;Claudia;;;;;;;;;;;;
117-4VO;1.0;2026-05-05;2026-04-26;USA;0290-004;VO;21.0;Agricola Mares;Claudia;;;;;;;;;;;;
142-1A;1.0;2026-05-05;2026-04-30;USA;0290-004;A;17.0;Agricola Mares;Claudia;;;;;;;;;;;;
107-7VO;1.0;2026-05-05;2026-04-25;USA;0290-004;VO;12.0;Agricola Mares;Claudia;;;;;;;;;;;;
116-2VC;1.0;2026-05-05;2026-04-26;USA;0290-004;V;7.0;Agricola Mares;Claudia;;;;;;;;;;;;
109-4VO;2.0;2026-05-05;2026-04-25;USA;0290-004;VO;15.0;Agricola Mares;Claudia;;;;;;;;;;;;
143-1A;2.0;2026-05-05;2026-04-30;USA;0290-004;A;42.0;Agricola Mares;Claudia;;;;;;;;;;;;
118-8VO;2.0;2026-05-05;2026-04-26;USA;0669-002;VO;9.0;Greenpack;Tajamar;;;;;;;;;;;;
118-4VO;2.0;2026-05-05;2026-04-26;USA;0669-002;VO;24.0;Greenpack;Tajamar;;;;;;;;;;;;
118-11VC;2.0;2026-05-05;2026-04-26;USA;0669-002;VC;1.0;Greenpack;Tajamar;;;;;;;;;;;;
119-2VC;2.0;2026-05-05;2026-04-26;USA;0669-002;VC;4.0;Greenpack;Tajamar;;;;;;;;;;;;
118-5V;2.0;2026-05-05;2026-04-26;USA;0669-002;V;10.0;Greenpack;Tajamar;;;;;;;;;;;;
119-4VO;2.0;2026-05-05;2026-04-26;USA;0669-002;VO;9.0;Greenpack;Tajamar;;;;;;;;;;;;
118-2VC;2.0;2026-05-05;2026-04-26;USA;0669-002;VC;12.0;Greenpack;Tajamar;;;;;;;;;;;;
123-2VC;2.0;2026-05-05;2026-04-28;USA;0669-002;VC;21.0;Greenpack;Tajamar;;;;;;;;;;;;
120-4VO;2.0;2026-05-05;2026-04-26;USA;0419-001;VO;15.0;Greyco;El Molino;;;;;;;;;;;;
111-9V;2.0;2026-05-05;2026-04-25;USA;0419-001;V;8.0;Greyco;El Molino;;;;;;;;;;;;
111-4V;2.0;2026-05-05;2026-04-25;USA;0419-001;V;28.0;Greyco;El Molino;;;;;;;;;;;;
111-7VO;2.0;2026-05-05;2026-04-25;NO UE;0419-001;VO;5.0;Greyco;El Molino;;;;;;;;;;;;
107-5VO;2.0;2026-05-05;2026-04-25;NO UE;0290-004;VO;11.0;Agricola Mares;Claudia;;;;;;;;;;;;
107-6VO;2.0;2026-05-05;2026-04-25;NO UE;0290-004;VO;5.0;Agricola Mares;Claudia;;;;;;;;;;;;
119-11VC;2.0;2026-05-05;2026-04-26;NO UE;0669-002;VC;3.0;Greenpack;Tajamar;;;;;;;;;;;;
119-5VC;2.0;2026-05-05;2026-04-26;NO UE;0669-002;VC;3.0;Greenpack;Tajamar;;;;;;;;;;;;
119-9VC;2.0;2026-05-05;2026-04-26;NO UE;0669-002;VC;2.0;Greenpack;Tajamar;;;;;;;;;;;;
118-9VC;2.0;2026-05-05;2026-04-26;NO UE;0669-002;VC;3.0;Greenpack;Tajamar;;;;;;;;;;;;
118-10VO;2.0;2026-05-05;2026-04-26;NO UE;0669-002;VO;5.0;Greenpack;Tajamar;;;;;;;;;;;;
123-3VC;2.0;2026-05-05;2026-04-28;NO UE;0669-002;VC;13.0;Greenpack;Tajamar;;;;;;;;;;;;
122-6VC;2.0;2026-05-05;2026-04-28;NO UE;0290-004;VC;15.0;Agricola Mares;Claudia;;;;;;;;;;;;
121-5VC;2.0;2026-05-05;2026-04-28;NO UE;0290-004;VC;9.0;Agricola Mares;Claudia;;;;;;;;;;;;
109-5VC;2.0;2026-05-05;2026-04-25;NO UE;0290-004;VC;27.0;Agricola Mares;Claudia;;;;;;;;;;;;
;;;;;;;;;;;;;;;;;;;;;
100-2P;;;;;;;;;;;;;;;;;;;;;
109-11P;;;;;;;;;;;;;;;;;;;;;
110-4V;;;;;;;;;;;;;;;;;;;;;
113-3V;;;;;;;;;;;;;;;;;;;;;
113-6VO;;;;;;;;;;;;;;;;;;;;;
113-11P;;;;;;;;;;;;;;;;;;;;;
114-13VO;;;;;;;;;;;;;;;;;;;;;
116-2PC;;;;;;;;;;;;;;;;;;;;;
118-6PC;;;;;;;;;;;;;;;;;;;;;
124-2P;;;;;;;;;;;;;;;;;;;;;
129-2P;;;;;;;;;;;;;;;;;;;;;
129-1A1;;;;;;;;;;;;;;;;;;;;;
99-2P;;;;;;;;;;;;;;;;;;;;;
